

CREATE TABLE `attendance_master` (
  `month_id` int(11) NOT NULL,
  `subject_id` int(11) NOT NULL,
  `student_id` int(11) NOT NULL,
  `total_lectures` int(11) NOT NULL,
  `present` int(11) NOT NULL
) ENGINE=InnoDB DEFAULT CHARSET=latin1;






CREATE TABLE `month_master` (
  `month_id` int(11) NOT NULL AUTO_INCREMENT,
  `month_name` varchar(15) NOT NULL,
  `year` int(11) NOT NULL,
  `valid` int(11) NOT NULL DEFAULT '0',
  PRIMARY KEY (`month_id`)
) ENGINE=InnoDB AUTO_INCREMENT=14 DEFAULT CHARSET=latin1;


INSERT INTO month_master VALUES
("1","December","2016","1"),
("2","January","2017","1"),
("3","February","2017","1"),
("4","March","2017","1"),
("5","April","2017","1"),
("6","May","2017","1"),
("7","June","2017","1"),
("8","July","2017","1"),
("9","August","2017","0"),
("10","September","2017","0"),
("11","October","2017","0"),
("12","November","2017","0"),
("13","December","2017","0");




CREATE TABLE `student_master` (
  `student_id` int(8) NOT NULL AUTO_INCREMENT,
  `class_roll` int(3) DEFAULT NULL,
  `student_name` varchar(27) DEFAULT NULL,
  `semester` int(1) DEFAULT NULL,
  `section` varchar(1) DEFAULT NULL,
  `batch` int(4) DEFAULT NULL,
  `flag` int(1) DEFAULT NULL,
  PRIMARY KEY (`student_id`)
) ENGINE=InnoDB AUTO_INCREMENT=503 DEFAULT CHARSET=utf8;


INSERT INTO student_master VALUES
("1","1","AAKANSHA SINGH","4","A","2015","1"),
("2","2","ADHIKARLA SHIRISHA","4","A","2015","1"),
("3","3","ADITI VERMA","4","A","2015","1"),
("4","4","AKANKSHA LAKRA","4","A","2015","1"),
("5","5","AKANSHA TOPPO","4","A","2015","1"),
("6","6","AKSHAT AMAN","4","A","2015","1"),
("7","7","AMIT KUMAR CHOUDHARY","4","A","2015","1"),
("8","8","ANKISH GUPTA","4","A","2015","1"),
("9","9","ANSHUL JAISWAL","4","A","2015","1"),
("10","10","ANUSHKA CHATURVEDI","4","A","2015","1"),
("11","11","ASHISH EKKA","4","A","2015","1"),
("12","12","ASHUTOSH DHRUW","4","A","2015","1"),
("13","13","AVANTIKA MISHRA","4","A","2015","1"),
("14","14","BARNADISH SINGH SONWANI","4","A","2015","1"),
("15","15","CHAINVI AGRAWAL","4","A","2015","1"),
("16","16","CHINMAY CHOUDHARY","4","A","2015","1"),
("17","17","DEEPANSHU AGRAWAL","4","A","2015","1"),
("18","18","GAURAV TRIPATHI","4","A","2015","1"),
("19","19","GOVIND PRASAD","4","A","2015","1"),
("20","20","HITESH KUMAR","4","A","2015","1"),
("21","21","JAYESH PATEL","4","A","2015","1"),
("22","22","KHYATI NETAM","4","A","2015","1"),
("23","23","LOKESH RAMGOPAL KASHYAP","4","A","2015","1"),
("24","24","MERWIN G RAJAN","4","A","2015","1"),
("25","25","MURAHARI PRITHVI YASH","4","A","2015","1"),
("26","26","NIRAJ BARWA","4","A","2015","1"),
("27","27","NISHTHA GUPTA","4","A","2015","1"),
("28","28","NITISH NETAM","4","A","2015","1"),
("29","29","PRABHDEET KAUR SACHDEV","4","A","2015","1"),
("30","30","PRANEET PANDEY","4","A","2015","1"),
("31","31","PRATEEKSHA SHUKLA","4","A","2015","1"),
("32","32","PRIYANSH BRANNEN LALL","4","A","2015","1"),
("33","33","RAHUL KUMAR SAHU","4","A","2015","1"),
("34","34","RAJKISHORE SINGH TANDAN","4","A","2015","1"),
("35","35","RAVI KUMAR DEWANGAN","4","A","2015","1"),
("36","36","RISHABH AGRAWAL","4","A","2015","1"),
("37","37","RITESH KUMAR DHRUW","4","A","2015","1"),
("38","38","ROHIT JHA","4","A","2015","1"),
("39","39","SHIKHA PANDEY","4","A","2015","1"),
("40","40","SHIVANI SAHU","4","A","2015","1"),
("41","41","SIMARJEET SINGH","4","A","2015","1"),
("42","42","SONALI PAUL","4","A","2015","1"),
("43","43","SUMAN ANAND","4","A","2015","1"),
("44","44","TIMIRASH DUBEY","4","A","2015","1"),
("45","45","VIKAS RAWATE","4","A","2015","1"),
("46","46","VINAY KUMAR HEERA","4","A","2015","1"),
("47","47","YOGESH BHAIYA","4","A","2015","1"),
("48","48","SHIVANI BHATIA","4","A","2015","1"),
("49","49","SOMESH KUMAR SINGH","4","A","2015","1"),
("50","50","AKANSHA SHUKLA","4","A","2015","1"),
("51","51","RAJASHREE ROY","4","A","2015","1"),
("52","52","SEEMA RAJWADE","4","A","2015","1"),
("53","53","AMIT SINHA","4","A","2015","1"),
("54","54","LOKESH SINGH","4","A","2015","1"),
("55","55","DIVYA DANSENA","4","A","2015","1"),
("56","56","SAMPATTI DINESH METKAR","4","A","2015","1"),
("57","129","RASHI MISHRA","4","B","2015","1"),
("58","130","AAYUSH VERMA","4","B","2015","1"),
("59","131","ABHISHEK BHOWMICK","4","B","2015","1"),
("60","132","ADITI SONI","4","B","2015","1"),
("61","133","ADITYA MOHAN GUPTA","4","B","2015","1"),
("62","134","AKANSHA BHAGWANI","4","B","2015","1"),
("63","135","AKSHAT AGRAWAL","4","B","2015","1"),
("64","136","ALOK PATEL","4","B","2015","1"),
("65","137","AMIT RAJ","4","B","2015","1"),
("66","138","ANJANI KUMAR SINGH","4","B","2015","1"),
("67","139","ANKIT JAISWAL","4","B","2015","1"),
("68","140","ANKIT KUMAR SAHU","4","B","2015","1"),
("69","141","ANUJA XALXO","4","B","2015","1"),
("70","142","ASHITA MAKKAD","4","B","2015","1"),
("71","143","ATUL BUNKAR","4","B","2015","1"),
("72","144","AYUSH AGRAWAL","4","B","2015","1"),
("73","145","BRIJESH KUMAR MARKANDEY","4","B","2015","1"),
("74","146","CHETNA THAKUR","4","B","2015","1"),
("75","147","DANESH KUMAR","4","B","2015","1"),
("76","148","DIVYA MANDGE","4","B","2015","1"),
("77","149","GEORGE KUJUR","4","B","2015","1"),
("78","150","HEMANT KUMAR THAKUR","4","B","2015","1"),
("79","151","JAI KUMAR YADAV","4","B","2015","1"),
("80","152","JITESH KUMAR DEWANGAN","4","B","2015","1"),
("81","153","KUMARI SAROJ SINGH","4","B","2015","1"),
("82","154","MALAY BHARTI","4","B","2015","1"),
("83","155","MONIKA BHOIR","4","B","2015","1"),
("84","156","NANDANI KANWAR","4","B","2015","1"),
("85","157","NISHANT CELESTIN TIRKEY","4","B","2015","1"),
("86","158","NITIN KUMAR MANKAR","4","B","2015","1"),
("87","159","PARVINDER SINGH","4","B","2015","1"),
("88","160","PRAKHAR KOTHARI","4","B","2015","1"),
("89","161","PRASHANT BANJARE","4","B","2015","1"),
("90","162","PRIYA SHARMA","4","B","2015","1"),
("91","163","PULKIT TIWARI","4","B","2015","1"),
("92","164","RAHUL MANGTANI","4","B","2015","1"),
("93","165","RASHI VARSHNEY","4","B","2015","1"),
("94","166","RICHA JAGYASI","4","B","2015","1"),
("95","167","RISHI NAMDEO","4","B","2015","1"),
("96","168","RITIK  KAKWANI","4","B","2015","1"),
("97","169","SHIRSH RAJ MAURYA","4","B","2015","1"),
("98","170","SIDDHARTH JAIN","4","B","2015","1"),
("99","171","SOMALI PRAMANIK","4","B","2015","1"),
("100","172","SRISHTI KHOBRAGADE","4","B","2015","1");
INSERT INTO student_master VALUES
("101","173","SWARIL SINGHAL","4","B","2015","1"),
("102","174","TARUN KUMAR PATEL","4","B","2015","1"),
("103","175","VIJIT VAJPAYEE","4","B","2015","1"),
("104","176","VINAYKANT","4","B","2015","1"),
("105","177","YUVRAJ SINGH BHANU","4","B","2015","1"),
("106","178","RESHU PANDEY","4","B","2015","1"),
("107","179","ADITI ","4","B","2015","1"),
("108","180","ABHINAV TIWARI","4","B","2015","1"),
("109","181","SATANAND","4","B","2015","1"),
("110","1","AAMOD VYAS","6","A","2014","1"),
("111","2","ABHISHEK BANERJEE","6","A","2014","1"),
("112","3","ADITI CHANDRAVANSHI","6","A","2014","1"),
("113","4","AKANSHA KINDO","6","A","2014","1"),
("114","5","ANKITA DAS","6","A","2014","1"),
("115","6","ANURADHA KUMARI","6","A","2014","1"),
("116","7","ASHUTOSH VERMA","6","A","2014","1"),
("117","8","CHIRAYU KALE","6","A","2014","1"),
("118","9","DEVNARAYAN","6","A","2014","1"),
("119","10","DHRUW SHEKHAR","6","A","2014","1"),
("120","11","DIVYA GUPTA","6","A","2014","1"),
("121","12","JEYRASHI JOHANA","6","A","2014","1"),
("122","13","KOMAL GUPTA","6","A","2014","1"),
("123","14","Ku APARNA MAZUMDAR","6","A","2014","1"),
("124","15","MANHARAN LAL THAKUR","6","A","2014","1"),
("125","16","MOHNISH KUMAR SINHA","6","A","2014","1"),
("126","17","MONIKA NETAM","6","A","2014","1"),
("127","18","NUPUR JAIN","6","A","2014","1"),
("128","19","PRAKHAR SONWANI","6","A","2014","1"),
("129","20","PRIYA THAKUR","6","A","2014","1"),
("130","21","RAGHUVEER SINGH KUSHWAHA","6","A","2014","1"),
("131","22","RAHUL PANDEY","6","A","2014","1"),
("132","23","RIYA SINGH","6","A","2014","1"),
("133","24","SAPNA BHAGAT","6","A","2014","1"),
("134","25","SHAILI GUPTA","6","A","2014","1"),
("135","26","SHREYA SHARMA","6","A","2014","1"),
("136","27","SHREYANSH JAIN","6","A","2014","1"),
("137","28","SHUBHAM DEWANGAN","6","A","2014","1"),
("138","29","SIMMI AGARAWAL","6","A","2014","1"),
("139","30","SOUMITA KUNDU","6","A","2014","1"),
("140","31","SWATI RAI","6","A","2014","1"),
("141","32","TANAY GUPTA","6","A","2014","1"),
("142","33","TRIPTI GUPTA","6","A","2014","1"),
("143","34","V V VINAY","6","A","2014","1"),
("144","35","VARUN DUBEY","6","A","2014","1"),
("145","36","VIKRAM KUMAR","6","A","2014","1"),
("146","37","VIVEK THAKUR","6","A","2014","1"),
("147","38","YAMESH KUMAR CHANDRAWANSHI","6","A","2014","1"),
("148","39","ARPITA MAHAJAN","6","A","2014","1"),
("149","40","AKSHAY SHUKLA","6","A","2014","1"),
("150","41","PALLAVI CHANDRAKAR","6","A","2014","1"),
("151","42","SHUBHAM KUMAR SAHU","6","A","2014","1"),
("152","43","ABHISHEK KUMAR","6","A","2014","1"),
("153","44","MANISHA VERMA","6","A","2014","1"),
("154","45","HIMANSHU PATEL","6","A","2014","1"),
("155","46","G. ASHWINI","6","A","2014","1"),
("156","47","NEELASKI DEWANGAN","6","A","2014","1"),
("157","48","SUPRIYA DEWANGAN","6","A","2014","1"),
("158","49","SULEKHA ","6","A","2014","1"),
("159","50","RAVINDRA KUMAR","6","A","2014","1"),
("160","51","LOKNATH KUMAR","6","A","2014","1"),
("161","52","SONAM GUPTA","6","A","2014","1"),
("162","53","SWETA GUPTA","6","A","2014","1"),
("163","54","AAKRITI THAWRE","6","B","2014","1"),
("164","55","ADHISH KRISHN","6","B","2014","1"),
("165","56","AJIT KUMAR GUPTA","6","B","2014","1"),
("166","57","AKASH BANSAL","6","B","2014","1"),
("167","58","APURVA SHRIVASTAVA","6","B","2014","1"),
("168","59","CHHAVIKANT MALIA","6","B","2014","1"),
("169","60","DARSHITA JAIN","6","B","2014","1"),
("170","61","DENNIS S CHERIAN","6","B","2014","1"),
("171","62","DEVIDAS PRINCE SHARMA","6","B","2014","1"),
("172","63","DHANANJAY NETAM ","6","B","2014","1"),
("173","64","DIVYANSH SHRIVASTAVA","6","B","2014","1"),
("174","65","DOLLY VAISHNAV","6","B","2014","1"),
("175","66","GAJENDRA KUMAR MONGRE","6","B","2014","1"),
("176","67","HARISH KUMAR","6","B","2014","1"),
("177","68","HIMANSHU BHUARYA","6","B","2014","1"),
("178","69","JAIDEEP SINGH SANDHU","6","B","2014","1"),
("179","70","JIGYASHA GUPTA","6","B","2014","1"),
("180","71","KAJAL DHRUW","6","B","2014","1"),
("181","72","MAYANK PATLEY","6","B","2014","1"),
("182","73","MEHAM CHANDRAVANSHI","6","B","2014","1"),
("183","74","MONIKA THAKUR","6","B","2014","1"),
("184","75","NIMISHA R MATHEW","6","B","2014","1"),
("185","76","OJASVI THAKUR","6","B","2014","1"),
("186","77","PANKHUDI SHRIVASTAVA","6","B","2014","1"),
("187","78","PARUL BAWA","6","B","2014","1"),
("188","79","PRAJAKTA TAWRI","6","B","2014","1"),
("189","80","PRIYANKA RANI GUPTA","6","B","2014","1"),
("190","81","PUSHPENDRA PRASAD NAYAK","6","B","2014","1"),
("191","82","RICHA SHRIVASTAVA","6","B","2014","1"),
("192","83","RUBI SAHU","6","B","2014","1"),
("193","84","SACHIN KUMAR","6","B","2014","1"),
("194","85","SAUBHAGYA SAHU","6","B","2014","1"),
("195","86","SHILPA JAIN","6","B","2014","1"),
("196","87","SHILPI AGRAWAL","6","B","2014","1"),
("197","88","SHILPI SONI","6","B","2014","1"),
("198","89","SHREEJITA DUTTA","6","B","2014","1"),
("199","90","SHREYAS SANJAY AYADE","6","B","2014","1"),
("200","91","SHRUTI RANA","6","B","2014","1");
INSERT INTO student_master VALUES
("201","92","SHUBHAM KUMAR SHARMA","6","B","2014","1"),
("202","93","SOMESH GANGULY","6","B","2014","1"),
("203","94","SWAPNIL TOPPO","6","B","2014","1"),
("204","95","SWATI JAISWAL","6","B","2014","1"),
("205","96","TAKESH KATLAM","6","B","2014","1"),
("206","97","VAIBHAV BHARUKA","6","B","2014","1"),
("207","98","VIRAJ S ADESARA","6","B","2014","1"),
("208","99","VIVEK DINKAR","6","B","2014","1"),
("209","100","Y PUJA","6","B","2014","1"),
("210","101","CHANDRAKANT BHOIR","6","B","2014","1"),
("211","102","MAHESHWAR PRASAD SINGH","6","B","2014","1"),
("212","103","SHAKSHI DUBEY","6","B","2014","1"),
("213","104","AJAY KUMAR","6","B","2014","1"),
("214","105","SABA  AAFRIN","6","B","2014","1"),
("215","106","ANJU PANDEY","6","B","2014","1"),
("216","107","VARUN SOOD","6","B","2014","1"),
("217","1","VARTIKA NAYAK","8","A","2013","1"),
("218","2","AKASH AGGARWAL","8","A","2013","1"),
("219","3","KUMARI PRIYA","8","A","2013","1"),
("220","4","VIVEK KUMAR ROCKY","8","A","2013","1"),
("221","5","SHIKHA KUMARI JHA","8","A","2013","1"),
("222","6","AKSHAY BELE","8","A","2013","1"),
("223","7","ANURAG KUMAR SINGH","8","A","2013","1"),
("224","8","G. NIVEDHA NADAR","8","A","2013","1"),
("225","9","AVINASH MISHRA","8","A","2013","1"),
("226","10","CHINMAY JAIN","8","A","2013","1"),
("227","11","DEEP SINGH","8","A","2013","1"),
("228","12","DEEPSHIKHA KURRE","8","A","2013","1"),
("229","13","DEVIKA","8","A","2013","1"),
("230","14","DIKESH KUMAR ","8","A","2013","1"),
("231","15","DUSHAYANT KUMAR KOTHARI","8","A","2013","1"),
("232","16","HANSHIKA AGRAWAL","8","A","2013","1"),
("233","17","JAMPALA DIVYA","8","A","2013","1"),
("234","18","JITESH SINDHARE","8","A","2013","1"),
("235","19","DEVENDRA THAKUR","8","A","2013","1"),
("236","20","MAMTA THAKUR","8","A","2013","1"),
("237","21","MANISH KUMAR SINGH","8","A","2013","1"),
("238","22","MEGHA SONI","8","A","2013","1"),
("239","23","NEHA TRIPATHI","8","A","2013","1"),
("240","24","NILESH S MUDLIAR","8","A","2013","1"),
("241","25","OMESH SUDHAKAR","8","A","2013","1"),
("242","26","PRACHI KATLAM","8","A","2013","1"),
("243","27","PRAVEEN ABHISHEK LAKRA","8","A","2013","1"),
("244","28","RAJSHREE SEN","8","A","2013","1"),
("245","29","RANJANA VERMA","8","A","2013","1"),
("246","30","MANSI JAIN","8","A","2013","1"),
("247","31","SHUBHAM","8","A","2013","1"),
("248","32","SHUBHAM RAWANI","8","A","2013","1"),
("249","33","TANIYA BHATTACHARYA","8","A","2013","1"),
("250","34","TRISHA THAKUR","8","A","2013","1"),
("251","35","VAIBHAV KUMAR BHARDWAJ","8","A","2013","1"),
("252","36","YOGENDRA SAHU","8","A","2013","1"),
("253","37","DEVIKA KULKARNI","8","A","2013","1"),
("254","38","FAHAD SAEED KHWAJA","8","A","2013","1"),
("255","39","ESHITA JAIN","8","A","2013","1"),
("256","40","ANSHI JAIN","8","A","2013","1"),
("257","41","NITU SHRIVAS","8","A","2013","1"),
("258","42","AISHWARYA SHAH","8","A","2013","1"),
("259","43","PURVA MOON","8","A","2013","1"),
("260","44","RAM BALAK KUMAR","8","A","2013","1"),
("261","45","SHASHI PRAKASH GUPTA","8","A","2013","1"),
("262","46","ABHIJEET","8","B","2013","1"),
("263","47","ARVIND KUMAR CHOUBEY","8","B","2013","1"),
("264","48","SARAVAN KUMAR TELANG","8","B","2013","1"),
("265","49","AASHISH KUMAR","8","B","2013","1"),
("266","50","AKANSHA SINHA","8","B","2013","1"),
("267","51","ANJALI CHANDRAKAR","8","B","2013","1"),
("268","52","ANKITA RAJPUT","8","B","2013","1"),
("269","53","APOORV KHANDELWAL","8","B","2013","1"),
("270","54","CHANDRAMANI ADIL","8","B","2013","1"),
("271","55","DEEPANJAN KOWAR","8","B","2013","1"),
("272","56","KISHAN PATEL","8","B","2013","1"),
("273","57","DHANANJAY KUMAR RAY","8","B","2013","1"),
("274","58","DISHA UKE","8","B","2013","1"),
("275","59","APURVA JAIN","8","B","2013","1"),
("276","60","ISHA VERMA","8","B","2013","1"),
("277","61","Md. TOUSIF SHEKHANI","8","B","2013","1"),
("278","62","KHEMRAJ THAKUR","8","B","2013","1"),
("279","63","KRITIKA SAHU","8","B","2013","1"),
("280","64","L A AAKRITI","8","B","2013","1"),
("281","65","MEENAL TAUNK","8","B","2013","1"),
("282","66","MONIKA AGRAWAL","8","B","2013","1"),
("283","67","NIDHI THAKUR","8","B","2013","1"),
("284","68","NISHANT MUNDHRA","8","B","2013","1"),
("285","69","POONAM PRAKASH CHAUDHARY","8","B","2013","1"),
("286","70","PRAGYA PAIKRA","8","B","2013","1"),
("287","71","PRINCE PRATAP SINGH BANJARE","8","B","2013","1"),
("288","72","AVADHESH ANAND AGARWAL","8","B","2013","1"),
("289","73","RICHA JAIN","8","B","2013","1"),
("290","74","SHIVANI JAIN","8","B","2013","1"),
("291","75","SHUBHAM AGRAWAL","8","B","2013","1"),
("292","76","SWETA MANDLOI","8","B","2013","1"),
("293","77","THAKUR PRASAD VISHAL","8","B","2013","1"),
("294","78","TUHINA VERMA","8","B","2013","1"),
("295","79","AAYUSHI A SHRIVASTAVA","8","B","2013","1"),
("296","80","AISHWARYA S. PILLAI","8","B","2013","1"),
("297","81","ANURAG CHATTERJEE","8","B","2013","1"),
("298","82","MOHIT AGRAWAL","8","B","2013","1"),
("299","83","RAVISH R. RAM","8","B","2013","1"),
("300","84","AYUSH WADHAWA","8","B","2013","1");
INSERT INTO student_master VALUES
("301","85","RESHITA MINOCHA","8","B","2013","1"),
("302","86","PRASHANT RAWAL","8","B","2013","1"),
("303","87","ABHIMANYU NETAM","8","B","2013","1"),
("304","88","RISHI GUPTA","8","B","2013","1"),
("305","89","ABHAY AGRAWAL","8","B","2013","1"),
("306","90","RAKESH SINGH THAKUR","8","B","2013","1"),
("307","91","MANISH KUMAR KURREY","8","B","2013","1"),
("308","92","ROOPAK TRIPATHI","8","B","2013","1"),
("309","1","AKANSHA ARORA","2","A","2016","1"),
("310","2","AAYUSH SHARMA","2","A","2016","1"),
("311","3","ABHISHEK SAHU","2","A","2016","1"),
("312","4","AJAY NAGDEO","2","A","2016","1"),
("313","5","AKASH SAHU","2","A","2016","1"),
("314","6","AMAN SHRIVASTAV","2","A","2016","1"),
("315","7","ANKIT CHANDRAKAR","2","A","2016","1"),
("316","8","ANKIT THAKUR ","2","A","2016","1"),
("317","9","ANSH BHAWNANI","2","A","2016","1"),
("318","10","ANURAG DEEP KUJUR","2","A","2016","1"),
("319","11","APOORVA SAXENA","2","A","2016","1"),
("320","12","ARPAN TEWARI","2","A","2016","1"),
("321","13","DIVYA MESHRAM","2","A","2016","1"),
("322","14","DOMENDRA KUMAR ALENDRA","2","A","2016","1"),
("323","15","GAURAV THAKUR","2","A","2016","1"),
("324","16","GOVIND KUMAR","2","A","2016","1"),
("325","17","ISHAAN MISHRA","2","A","2016","1"),
("326","18","JAIDEEP GUPTA","2","A","2016","1"),
("327","19","KHYATI PATIL","2","A","2016","1"),
("328","20","KU NALESH","2","A","2016","1"),
("329","21","MAYANK TIRKEY","2","A","2016","1"),
("330","22","MEGHNA DUBEY","2","A","2016","1"),
("331","23","MOHNISH DUBEY","2","A","2016","1"),
("332","24","NAVEEN BAGHEL","2","A","2016","1"),
("333","25","NISHANT CHHATTANI","2","A","2016","1"),
("334","26","PRAKHAR KARSH","2","A","2016","1"),
("335","27","RAHUL RAMTEKE","2","A","2016","1"),
("336","28","RAJAT RANJAN JHA","2","A","2016","1"),
("337","29","RAKSHIT SAGGAR","2","A","2016","1"),
("338","30","RISHA","2","A","2016","1"),
("339","31","RISHAB PRAVEEN PATEL","2","A","2016","1"),
("340","32","SACHIN KUMAR GOYAL","2","A","2016","1"),
("341","33","SAJAL GUPTA","2","A","2016","1"),
("342","34","SAMARTH SONI","2","A","2016","1"),
("343","35","SAUMYA KUMAR DEWANGAN","2","A","2016","1"),
("344","36","SHALINI SIDAR","2","A","2016","1"),
("345","37","SHATAKSHI PANDEY","2","A","2016","1"),
("346","38","SHIVANK TIWARI ","2","A","2016","1"),
("347","39","SHREYANSH KHANDELWAL","2","A","2016","1"),
("348","40","SHRUTI GUPTA","2","A","2016","1"),
("349","41","SHUBHAM TIWARI","2","A","2016","1"),
("350","42","SONIYA JAIN","2","A","2016","1"),
("351","43","SUJATA RATHORE","2","A","2016","1"),
("352","44","SWAPNIL KUMAR SAHU","2","A","2016","1"),
("353","45","TIKAM KHARE","2","A","2016","1"),
("354","46","UTKARSH CHANDRAKAR","2","A","2016","1"),
("355","47","VIKRANT KHUTEL","2","A","2016","1"),
("356","48","AMIT KUMAR SWARNKAR","2","A","2016","1"),
("357","49","BALRAM SINGH RAJPUT","2","A","2016","1"),
("358","50","CH. MOUNICA REDDY","2","A","2016","1"),
("359","51","SHWETA BARWA","2","A","2016","1"),
("360","52","AARCHI AGRAWAL","2","B","2016","1"),
("361","53","ABHISHEK KUMAR","2","B","2016","1"),
("362","54","ADITI RAI","2","B","2016","1"),
("363","55","AKASH MANGAL","2","B","2016","1"),
("364","56","AKSHAY VISHAL EKKA","2","B","2016","1"),
("365","57","ANIL KUMAR PATEL","2","B","2016","1"),
("366","58","ANKIT DAHRIYA","2","B","2016","1"),
("367","59","ANKUR PASHINE","2","B","2016","1"),
("368","60","ANUJA NINAN","2","B","2016","1"),
("369","61","ANURAG TAMRAKAR","2","B","2016","1"),
("370","62","PARAJITA PANDEY","2","B","2016","1"),
("371","63","DEVANSHU BISWAS","2","B","2016","1"),
("372","64","DIVYA SAXENA","2","B","2016","1"),
("373","65","FANINDRA NATH CHOUDHARY","2","B","2016","1"),
("374","66","GODA VAIBHAVI","2","B","2016","1"),
("375","67","HARSH SHUKLA","2","B","2016","1"),
("376","68","JAGMOHAN SAHU","2","B","2016","1"),
("377","69","KHILESH DHRUVE","2","B","2016","1"),
("378","70","KRISHNA PATEL","2","B","2016","1"),
("379","71","LALIT KUMAR SAI PAINKRA","2","B","2016","1"),
("380","72","MEGHANSH KHANNA","2","B","2016","1"),
("381","73","MOHIT KUMAR RANA ","2","B","2016","1"),
("382","74","NAINA PORTE","2","B","2016","1"),
("383","75","NIDHI GUPTA","2","B","2016","1"),
("384","76","POOJA RATRE","2","B","2016","1"),
("385","77","RAHUL DAHARIYA","2","B","2016","1"),
("386","78","RAJA KANWAR","2","B","2016","1"),
("387","79","RAKESH RANJAN","2","B","2016","1"),
("388","80","RAMAN PATEL","2","B","2016","1"),
("389","81","RIPUNJAY SINGH","2","B","2016","1"),
("390","82","RITWIKA CHHURA","2","B","2016","1"),
("391","83","SACHIN KUMAR KARN","2","B","2016","1"),
("392","84","SALONI VASHISTH","2","B","2016","1"),
("393","85","SATENDRA KUMAR","2","B","2016","1"),
("394","86","SHALDAN EKKA","2","B","2016","1"),
("395","87","SHASHANK PANDEY","2","B","2016","1"),
("396","88","SHIKHA BAGHEL","2","B","2016","1"),
("397","89","SHIVANSHU SHARMA","2","B","2016","1"),
("398","90","SHRIYA INRA GURU","2","B","2016","1"),
("399","91","SHRIYA INDRA GURU","2","B","2016","1"),
("400","92","SHUBHANGI GUPTA","2","B","2016","1");
INSERT INTO student_master VALUES
("401","93","SUHANI PANDEY","2","B","2016","1"),
("402","94","TEJASHWINEE GHRITALAHRE","2","B","2016","1"),
("403","95","TUSHAR GUPTA","2","B","2016","1"),
("404","96","VARALI AHUJA","2","B","2016","1"),
("405","97","YASHRAJ SINGH","2","B","2016","1"),
("406","98","AARYAMAAN TIWARI","2","B","2016","1"),
("407","99","AVNEET ANAND","2","B","2016","1"),
("408","100","BHUPENDRA KUMAR SAHU","2","B","2016","1"),
("409","101","RISHABH KANKARIYA","2","B","2016","1"),
("410","102","VIDIT GARG","2","B","2016","1"),
("411","104","GAURAV DEWANGAN","2","B","2016","1"),
("412","57","","4","A","2015","1"),
("413","58","","4","A","2015","1"),
("414","59","","4","A","2015","1"),
("415","60","","4","A","2015","1"),
("416","61","","4","A","2015","1"),
("417","62","","4","A","2015","1"),
("418","63","","4","A","2015","1"),
("419","64","","4","A","2015","1"),
("420","65","","4","A","2015","1"),
("421","66","","4","A","2015","1"),
("422","67","","4","A","2015","1"),
("423","68","","4","A","2015","1"),
("424","69","","4","A","2015","1"),
("425","70","","4","A","2015","1"),
("426","71","","4","A","2015","1"),
("427","72","","4","A","2015","1"),
("428","73","","4","A","2015","1"),
("429","74","","4","A","2015","1"),
("430","75","","4","A","2015","1"),
("431","76","","4","A","2015","1"),
("432","77","","4","A","2015","1"),
("433","78","","4","A","2015","1"),
("434","79","","4","A","2015","1"),
("435","80","","4","A","2015","1"),
("436","81","","4","A","2015","1"),
("437","82","","4","A","2015","1"),
("438","83","","4","A","2015","1"),
("439","84","","4","A","2015","1"),
("440","85","","4","A","2015","1"),
("441","86","","4","A","2015","1"),
("442","87","","4","A","2015","1"),
("443","88","","4","A","2015","1"),
("444","89","","4","A","2015","1"),
("445","90","","4","A","2015","1"),
("446","91","","4","A","2015","1"),
("447","92","","4","A","2015","1"),
("448","93","","4","A","2015","1"),
("449","94","","4","A","2015","1"),
("450","95","","4","A","2015","1"),
("451","96","","4","A","2015","1"),
("452","97","","4","A","2015","1"),
("453","98","","4","A","2015","1"),
("454","99","","4","A","2015","1"),
("455","100","","4","A","2015","1"),
("456","101","","4","A","2015","1"),
("457","102","","4","A","2015","1"),
("458","103","","4","A","2015","1"),
("459","104","","4","A","2015","1"),
("460","105","","4","A","2015","1"),
("461","106","","4","A","2015","1"),
("462","107","","4","A","2015","1"),
("463","108","","4","A","2015","1"),
("464","109","","4","A","2015","1"),
("465","110","","4","A","2015","1"),
("466","111","","4","A","2015","1"),
("467","112","","4","A","2015","1"),
("468","113","","4","A","2015","1"),
("469","114","","4","A","2015","1"),
("470","115","","4","A","2015","1"),
("471","116","","4","A","2015","1"),
("472","117","","4","A","2015","1"),
("473","118","","4","A","2015","1"),
("474","119","","4","A","2015","1"),
("475","120","","4","A","2015","1"),
("476","121","","4","A","2015","1"),
("477","122","","4","A","2015","1"),
("478","123","","4","A","2015","1"),
("479","1","mayank","3","A","2017","1"),
("480","2","reena","3","A","2017","1"),
("482","4","jitendra","3","A","2017","1"),
("483","124","mayank","4","A","2015","1"),
("484","125","hemshikha","4","A","2015","1"),
("485","126","reena","4","A","2015","1"),
("486","1","jittu","3","A","2017","1"),
("487","2","kittu","3","A","2017","1"),
("488","3","tutu","3","A","2017","1"),
("489","4","hunny","3","A","2017","1"),
("490","5","bunny","3","A","2017","1"),
("491","1","a","3","B","2017","1"),
("492","2","b","3","B","2017","1"),
("493","3","c","3","B","2017","1"),
("494","4","d","3","B","2017","1"),
("495","5","e","3","B","2017","1"),
("496","1","z","3","A","2018","1"),
("497","2","x","3","A","2018","1"),
("498","3","k","3","A","2018","1"),
("499","4","l","3","A","2018","1"),
("500","5","j","3","A","2018","1"),
("501","127","nitish","4","A","2017","1");
INSERT INTO student_master VALUES
("502","128","anita","4","A","2017","1");




CREATE TABLE `subject_master` (
  `subject_id` int(11) NOT NULL AUTO_INCREMENT,
  `subject_name` varchar(25) NOT NULL,
  `semester` int(11) NOT NULL,
  `section` varchar(10) NOT NULL,
  PRIMARY KEY (`subject_id`)
) ENGINE=InnoDB AUTO_INCREMENT=127 DEFAULT CHARSET=latin1;


INSERT INTO subject_master VALUES
("1","M 3","3","A"),
("2","CS","3","A"),
("3","DELD ","3","A"),
("4","BE","3","A"),
("5","PSLB","3","A"),
("6","CCWT","3","A"),
("7","DELD LAB","3","A"),
("8","BE LAB","3","A"),
("9","PSLB LAB","3","A"),
("10","CCWT LAB","3","A"),
("11","M 3","3","B"),
("12","CS","3","B"),
("13","DELD ","3","B"),
("14","BE","3","B"),
("15","PSLB","3","B"),
("16","CCWT","3","B"),
("17","DELD LAB","3","B"),
("18","BE LAB","3","B"),
("19","PSLB LAB","3","B"),
("20","CCWT LAB","3","B"),
("21","CM","4","A"),
("22","DMS","4","A"),
("23","CSA","4","A"),
("24","DS","4","A"),
("25","OOPS","4","A"),
("26","OS","4","A"),
("27","H/W LAB","4","A"),
("28","GUI LAB","4","A"),
("29","DS LAB","4","A"),
("30","OOPS LAB","4","A"),
("31","CM","4","B"),
("32","DMS","4","B"),
("33","CSA","4","B"),
("34","DS","4","B"),
("35","OOPS","4","B"),
("36","OS","4","B"),
("37","H/W LAB","4","B"),
("38","GUI LAB","4","B"),
("39","DS LAB","4","B"),
("40","OOPS LAB","4","B"),
("41","MP","5","A"),
("42","ADA","5","A"),
("43","JAVA","5","A"),
("44","TOC","5","A"),
("45","USP","5","A"),
("46","DBMS","5","A"),
("47","MP LAB","5","A"),
("48","JAVA LAB","5","A"),
("49","USP LAB","5","A"),
("50","DBMS LAB","5","A"),
("51","MP","5","B"),
("52","ADA","5","B"),
("53","JAVA","5","B"),
("54","TOC","5","B"),
("55","USP","5","B"),
("56","DBMS","5","B"),
("57","MP LAB","5","B"),
("58","JAVA LAB","5","B"),
("59","USP LAB","5","B"),
("60","DBMS LAB","5","B"),
("61","CN","6","A"),
("62","CD","6","A"),
("63","ERP","6","A"),
("64","SEPM","6","A"),
("65","CG","6","A"),
("66","PE1","6","A"),
("67","CN LAB","6","A"),
("68","SEPM LAB","6","A"),
("69","CG LAB","6","A"),
("70","A. JAVA LAB","6","A"),
("71","CN","6","B"),
("72","CD","6","B"),
("73","ERP","6","B"),
("74","SEPM","6","B"),
("75","CG","6","B"),
("76","PE1","6","B"),
("77","CN LAB","6","B"),
("78","SEPM LAB","6","B"),
("79","CG LAB","6","B"),
("80","A. JAVA LAB","6","B"),
("81","MCA","7","A"),
("82","PPC","7","A"),
("83","NP","7","A"),
("84","CNS","7","A"),
("85","PE2","7","A"),
("86","SC LAB","7","A"),
("87","NP LAB","7","A"),
("88","ANDROID LAB","7","A"),
("89","MINOR PROJECT","7","A"),
("90","MCA","7","B"),
("91","PPC","7","B"),
("92","NP","7","B"),
("93","CNS","7","B"),
("94","PE2","7","B"),
("95","SC LAB","7","B"),
("96","NP LAB","7","B"),
("97","ANDROID LAB","7","B"),
("98","MINOR PROJECT","7","B"),
("99","AIES","8","A"),
("100","DMW","8","A");
INSERT INTO subject_master VALUES
("101","CYBER SECURITY","8","A"),
("102","PE-3","8","A"),
("103","OE4","8","A"),
("104","AIES LAB","8","A"),
("105","NS LAB","8","A"),
("106","ST LAB","8","A"),
("107","MAJOR PROJECT","8","A"),
("108","AIES","8","B"),
("109","DMW","8","B"),
("110","CYBER SECURITY","8","B"),
("111","PE-3","8","B"),
("112","OE4","8","B"),
("113","AIES LAB","8","B"),
("114","NS LAB","8","B"),
("115","ST LAB","8","B"),
("116","MAJOR PROJECT","8","B");




CREATE TABLE `teacher_subject_relation` (
  `tsrelation_id` int(11) NOT NULL AUTO_INCREMENT,
  `subject_id` int(11) NOT NULL,
  `teacher_id` int(11) NOT NULL,
  PRIMARY KEY (`tsrelation_id`)
) ENGINE=InnoDB AUTO_INCREMENT=273 DEFAULT CHARSET=latin1;


INSERT INTO teacher_subject_relation VALUES
("80","21","32"),
("81","22","32"),
("82","23","11"),
("83","24","29"),
("84","25","12"),
("85","26","9"),
("86","27","4"),
("87","28","10"),
("88","29","6"),
("89","30","12"),
("90","119","8"),
("91","125","16"),
("92","31","3"),
("93","32","25"),
("94","33","11"),
("95","34","6"),
("96","35","12"),
("97","36","9"),
("98","37","4"),
("99","38","10"),
("100","39","6"),
("101","40","12"),
("102","120","8"),
("103","61","24"),
("104","62","22"),
("105","63","15"),
("106","64","13"),
("107","65","7"),
("108","66","18"),
("109","67","4"),
("110","68","13"),
("111","69","7"),
("112","70","18"),
("113","123","28"),
("114","71","24"),
("115","72","22"),
("116","73","15"),
("117","74","13"),
("118","75","7"),
("119","76","18"),
("120","77","4"),
("121","78","13"),
("122","79","7"),
("123","80","18"),
("124","124","28"),
("125","99","19"),
("126","100","5"),
("127","101","8"),
("128","102","14"),
("129","103","21"),
("130","104","19"),
("131","105","20"),
("132","106","28"),
("133","107","15"),
("134","108","19"),
("135","109","5"),
("136","110","8"),
("137","111","14"),
("138","112","21"),
("139","113","19"),
("140","114","20"),
("141","115","28"),
("142","116","15"),
("143","41","8"),
("144","42","6"),
("145","43","13"),
("146","44","14"),
("147","45","24"),
("148","46","12"),
("149","47","8"),
("150","48","13"),
("151","49","24"),
("152","50","12"),
("153","121","28"),
("154","51","8"),
("155","52","6"),
("156","53","13"),
("157","54","22"),
("158","55","24"),
("159","56","12"),
("160","57","8"),
("161","58","13"),
("162","59","24"),
("163","60","12"),
("164","122","28"),
("165","11","3"),
("166","12","5"),
("167","13","11"),
("168","14","4"),
("169","15","6"),
("170","16","28"),
("171","17","11"),
("172","18","4"),
("173","19","10"),
("174","20","28"),
("175","118","18"),
("176","1","2"),
("177","2","5"),
("178","3","11"),
("179","4","4");
INSERT INTO teacher_subject_relation VALUES
("180","5","10"),
("181","6","18"),
("182","7","11"),
("183","8","4"),
("184","9","10"),
("185","10","18"),
("186","117","18"),
("187","90","9"),
("188","91","21"),
("189","92","19"),
("190","93","20"),
("191","94","16"),
("192","95","22"),
("193","96","15"),
("194","97","18"),
("195","98","28"),
("196","126","5"),
("197","81","9"),
("198","82","21"),
("199","83","19"),
("200","84","20"),
("201","85","16"),
("202","86","22"),
("203","87","19"),
("204","88","18"),
("205","89","15"),
("206","125","16"),
("207","1","26"),
("208","2","5"),
("209","3","20"),
("210","4","16"),
("211","5","29"),
("212","6","28"),
("213","7","27"),
("214","8","13"),
("215","9","27"),
("216","10","28"),
("217","117","22"),
("218","21","32"),
("219","22","32"),
("220","23","16"),
("221","24","16"),
("222","25","29"),
("223","26","16"),
("224","27","16"),
("225","28","16"),
("226","29","16"),
("227","30","16"),
("228","119","16"),
("229","21","32"),
("230","22","32"),
("231","23","16"),
("232","24","16"),
("233","25","16"),
("234","26","16"),
("235","27","16"),
("236","28","16"),
("237","29","16"),
("238","30","16"),
("239","119","16"),
("240","21","32"),
("241","22","32"),
("242","23","29"),
("243","24","29"),
("244","25","29"),
("245","26","16"),
("246","27","16"),
("247","28","16"),
("248","29","16"),
("249","30","16"),
("250","119","16"),
("251","21","32"),
("252","22","32"),
("253","23","16"),
("254","24","29"),
("255","25","16"),
("256","26","16"),
("257","27","16"),
("258","28","16"),
("259","29","16"),
("260","30","16"),
("261","119","16"),
("262","61","16"),
("263","62","16"),
("264","63","16"),
("265","64","16"),
("266","65","16"),
("267","66","16"),
("268","67","16"),
("269","68","16"),
("270","69","16"),
("271","70","16"),
("272","123","29");




CREATE TABLE `user_master` (
  `user_name` varchar(25) NOT NULL,
  `password` varchar(150) NOT NULL,
  `user_type` varchar(8) NOT NULL DEFAULT 'faculty',
  `user_id` bigint(20) NOT NULL AUTO_INCREMENT,
  `teacher_name` varchar(30) NOT NULL,
  PRIMARY KEY (`user_id`),
  UNIQUE KEY `user_name` (`user_name`)
) ENGINE=InnoDB AUTO_INCREMENT=33 DEFAULT CHARSET=latin1;


INSERT INTO user_master VALUES
("kksinha","bit123","admin","1","Prof. KAUSHAL KUMAR SINHA"),
("anarayan","7eaa5e4e9fe2bdd22fffc0b2fa1f7eaf","faculty","2","Dr.Ashutosh Narayan"),
("mdpandey","7eaa5e4e9fe2bdd22fffc0b2fa1f7eaf","faculty","3","Dr.M.D.Pandey"),
("sdmishra","7eaa5e4e9fe2bdd22fffc0b2fa1f7eaf","faculty","4","Prof. S.D. Mishra"),
("arawal","38b2dba3a20c91affd51592145825ce2","faculty","5","Dr. Arpana Rawal"),
("ksinha","5c06faa01f43f28b98b64473331bfdb9","faculty","6","Prof. Kaushal Kumar Sinha"),
("marya","7eaa5e4e9fe2bdd22fffc0b2fa1f7eaf","faculty","7","Prof. Monika Arya"),
("ssingh","7eaa5e4e9fe2bdd22fffc0b2fa1f7eaf","faculty","8","Prof. Saurabh Singh"),
("rkumar","9ea90f3f60557be7e8e1510c088806c1","faculty","9","Dr. Ramesh Kumar"),
("ssar","a6d3dbd4e56322fec05112a80b5b8b35","faculty","10","Prof. Sumit Sar"),
("kprasad","7eaa5e4e9fe2bdd22fffc0b2fa1f7eaf","faculty","11","Prof. Kauleshwar Prasad"),
("dkbhawnani","a6d3dbd4e56322fec05112a80b5b8b35","faculty","12","Prof. Dinesh Kumar Bhawnani"),
("proy","7eaa5e4e9fe2bdd22fffc0b2fa1f7eaf","faculty","13","Prof. Partha Roy"),
("mvpadmavati","7eaa5e4e9fe2bdd22fffc0b2fa1f7eaf","faculty","14","Dr. M.V. Padmavati"),
("akbehera","7eaa5e4e9fe2bdd22fffc0b2fa1f7eaf","faculty","15","Prof. A.K.Behera"),
("ashekhar","5c06faa01f43f28b98b64473331bfdb9","faculty","16","Dr. Anjana Shekhar"),
("s sarkar","5c06faa01f43f28b98b64473331bfdb9","faculty","17","Prof. Swapana Sarkar"),
("cchoudhary","b39a5005f03f16e882a911cd34f86043","faculty","18","Prof. Chaitali Choudhary"),
("sde","fc9e081ab27ca377305a5c0b9695e93a","faculty","19","Prof. Shankha De"),
("dpmishra","792dd774336314c3c27a04bb260cf2cf","faculty","20","Prof. D.P. Mishra"),
("202sudip@gmail.com","7eaa5e4e9fe2bdd22fffc0b2fa1f7eaf","faculty","21","Prof. Sudip Bhattacharya"),
("ppatnaik","5c06faa01f43f28b98b64473331bfdb9","faculty","22","prof. Pawan Patnaik"),
("mvp","5c06faa01f43f28b98b64473331bfdb9","admin","23","Dr. M. V. Padmavati"),
("vivekp","5c06faa01f43f28b98b64473331bfdb9","faculty","24","Prof. Vivek Parghania "),
("tusha","7eaa5e4e9fe2bdd22fffc0b2fa1f7eaf","faculty","25","Prof T. usha"),
("knmishra","bitd123","faculty","26","Dr. K.N. Mishra"),
("nsingh","bitd123","faculty","27","Prof. Nirmal Singh"),
("mverma","bitd123","faculty","28","Prof. Monika Verma"),
("mayank","1234","admin","29","mayank"),
("reena","reena","faculty","30","Reena deshmukh"),
("tutu","tutu","faculty","31","tutu"),
("davesh","12345","faculty","32","davesh");


