-- phpMyAdmin SQL Dump
-- version 4.5.1
-- http://www.phpmyadmin.net
--
-- Host: 127.0.0.1
-- Generation Time: Jul 30, 2017 at 07:02 PM
-- Server version: 10.1.16-MariaDB
-- PHP Version: 7.0.9

SET SQL_MODE = "NO_AUTO_VALUE_ON_ZERO";
SET time_zone = "+00:00";


/*!40101 SET @OLD_CHARACTER_SET_CLIENT=@@CHARACTER_SET_CLIENT */;
/*!40101 SET @OLD_CHARACTER_SET_RESULTS=@@CHARACTER_SET_RESULTS */;
/*!40101 SET @OLD_COLLATION_CONNECTION=@@COLLATION_CONNECTION */;
/*!40101 SET NAMES utf8mb4 */;

--
-- Database: `new`
--

-- --------------------------------------------------------

--
-- Table structure for table `32016attd`
--

CREATE TABLE `32016attd` (
  `month_id` int(11) NOT NULL,
  `subject_id` int(11) NOT NULL,
  `student_id` int(11) NOT NULL,
  `total_lectures` int(11) NOT NULL,
  `present` int(11) NOT NULL
) ENGINE=InnoDB DEFAULT CHARSET=latin1;

-- --------------------------------------------------------

--
-- Table structure for table `42015attd`
--

CREATE TABLE `42015attd` (
  `month_id` int(11) NOT NULL,
  `subject_id` int(11) NOT NULL,
  `student_id` int(11) NOT NULL,
  `total_lectures` int(11) NOT NULL,
  `present` int(11) NOT NULL
) ENGINE=InnoDB DEFAULT CHARSET=latin1;

--
-- Dumping data for table `42015attd`
--

INSERT INTO `42015attd` (`month_id`, `subject_id`, `student_id`, `total_lectures`, `present`) VALUES
(2, 34, 57, 14, 8),
(2, 34, 58, 14, 9),
(2, 34, 59, 14, 12),
(2, 34, 60, 14, 10),
(2, 34, 61, 14, 12),
(2, 34, 62, 14, 11),
(2, 34, 63, 14, 10),
(2, 34, 64, 14, 3),
(2, 34, 65, 14, 4),
(2, 34, 66, 14, 11),
(2, 34, 67, 14, 7),
(2, 34, 68, 14, 6),
(2, 34, 69, 14, 10),
(2, 34, 70, 14, 14),
(2, 34, 71, 14, 8),
(2, 34, 72, 14, 4),
(2, 34, 73, 14, 12),
(2, 34, 74, 14, 14),
(2, 34, 75, 14, 3),
(2, 34, 76, 14, 7),
(2, 34, 77, 14, 8),
(2, 34, 78, 14, 5),
(2, 34, 79, 14, 13),
(2, 34, 80, 14, 11),
(2, 34, 81, 14, 11),
(2, 34, 82, 14, 4),
(2, 34, 83, 14, 10),
(2, 34, 84, 14, 8),
(2, 34, 85, 14, 5),
(2, 34, 86, 14, 4),
(2, 34, 87, 14, 9),
(2, 34, 88, 14, 13),
(2, 34, 89, 14, 13),
(2, 34, 90, 14, 14),
(2, 34, 91, 14, 13),
(2, 34, 92, 14, 6),
(2, 34, 93, 14, 11),
(2, 34, 94, 14, 8),
(2, 34, 95, 14, 11),
(2, 34, 96, 14, 10),
(2, 34, 97, 14, 4),
(2, 34, 98, 14, 10),
(2, 34, 99, 14, 11),
(2, 34, 100, 14, 13),
(2, 34, 101, 14, 12),
(2, 34, 102, 14, 14),
(2, 34, 103, 14, 2),
(2, 34, 104, 14, 11),
(2, 34, 105, 14, 1),
(2, 34, 106, 14, 10),
(2, 34, 107, 14, 4),
(2, 34, 108, 14, 12),
(2, 34, 109, 14, 9),
(2, 28, 1, 4, 3),
(2, 28, 2, 4, 4),
(2, 28, 3, 4, 3),
(2, 28, 4, 4, 4),
(2, 28, 5, 4, 4),
(2, 28, 6, 4, 3),
(2, 28, 7, 4, 3),
(2, 28, 8, 4, 3),
(2, 28, 9, 4, 0),
(2, 28, 10, 4, 4),
(2, 28, 11, 4, 4),
(2, 28, 12, 4, 1),
(2, 28, 13, 4, 2),
(2, 28, 14, 4, 3),
(2, 28, 15, 4, 2),
(2, 28, 16, 4, 4),
(2, 28, 17, 4, 3),
(2, 28, 18, 4, 4),
(2, 28, 19, 4, 3),
(2, 28, 20, 4, 4),
(2, 28, 21, 4, 4),
(2, 28, 22, 4, 3),
(2, 28, 23, 4, 2),
(2, 28, 24, 4, 3),
(2, 28, 25, 4, 2),
(2, 28, 26, 4, 3),
(2, 28, 27, 4, 4),
(2, 28, 28, 4, 0),
(2, 28, 29, 4, 1),
(2, 28, 30, 4, 0),
(2, 28, 31, 4, 0),
(2, 28, 32, 4, 4),
(2, 28, 33, 4, 4),
(2, 28, 34, 4, 4),
(2, 28, 35, 4, 4),
(2, 28, 36, 4, 4),
(2, 28, 37, 4, 1),
(2, 28, 38, 4, 3),
(2, 28, 39, 4, 3),
(2, 28, 40, 4, 3),
(2, 28, 41, 4, 3),
(2, 28, 42, 4, 4),
(2, 28, 43, 4, 3),
(2, 28, 44, 4, 3),
(2, 28, 45, 4, 3),
(2, 28, 46, 4, 2),
(2, 28, 47, 4, 4),
(2, 28, 48, 4, 3),
(2, 28, 49, 4, 4),
(2, 28, 50, 4, 3),
(2, 28, 51, 4, 1),
(2, 28, 52, 4, 0),
(2, 28, 53, 4, 0),
(2, 28, 54, 4, 0),
(2, 28, 55, 4, 1),
(2, 28, 56, 4, 4),
(2, 39, 57, 3, 1),
(2, 39, 58, 3, 2),
(2, 39, 59, 3, 2),
(2, 39, 60, 3, 1),
(2, 39, 61, 3, 3),
(2, 39, 62, 3, 2),
(2, 39, 63, 3, 3),
(2, 39, 64, 3, 1),
(2, 39, 65, 3, 1),
(2, 39, 66, 3, 3),
(2, 39, 67, 3, 3),
(2, 39, 68, 3, 1),
(2, 39, 69, 3, 2),
(2, 39, 70, 3, 3),
(2, 39, 71, 3, 1),
(2, 39, 72, 3, 1),
(2, 39, 73, 3, 3),
(2, 39, 74, 3, 3),
(2, 39, 75, 3, 1),
(2, 39, 76, 3, 2),
(2, 39, 77, 3, 3),
(2, 39, 78, 3, 2),
(2, 39, 79, 3, 3),
(2, 39, 80, 3, 3),
(2, 39, 81, 3, 2),
(2, 39, 82, 3, 1),
(2, 39, 83, 3, 2),
(2, 39, 84, 3, 2),
(2, 39, 85, 3, 1),
(2, 39, 86, 3, 2),
(2, 39, 87, 3, 2),
(2, 39, 88, 3, 3),
(2, 39, 89, 3, 3),
(2, 39, 90, 3, 3),
(2, 39, 91, 3, 3),
(2, 39, 92, 3, 1),
(2, 39, 93, 3, 2),
(2, 39, 94, 3, 3),
(2, 39, 95, 3, 0),
(2, 39, 96, 3, 2),
(2, 39, 97, 3, 1),
(2, 39, 98, 3, 3),
(2, 39, 99, 3, 2),
(2, 39, 100, 3, 2),
(2, 39, 101, 3, 3),
(2, 39, 102, 3, 3),
(2, 39, 103, 3, 1),
(2, 39, 104, 3, 2),
(2, 39, 105, 3, 0),
(2, 39, 106, 3, 3),
(2, 39, 107, 3, 1),
(2, 39, 108, 3, 2),
(2, 39, 109, 3, 2),
(2, 38, 57, 4, 3),
(2, 38, 58, 4, 3),
(2, 38, 59, 4, 3),
(2, 38, 60, 4, 4),
(2, 38, 61, 4, 4),
(2, 38, 62, 4, 4),
(2, 38, 63, 4, 4),
(2, 38, 64, 4, 2),
(2, 38, 65, 4, 0),
(2, 38, 66, 4, 3),
(2, 38, 67, 4, 3),
(2, 38, 68, 4, 2),
(2, 38, 69, 4, 4),
(2, 38, 70, 4, 4),
(2, 38, 71, 4, 2),
(2, 38, 72, 4, 1),
(2, 38, 73, 4, 3),
(2, 38, 74, 4, 4),
(2, 38, 75, 4, 3),
(2, 38, 76, 4, 3),
(2, 38, 77, 4, 4),
(2, 38, 78, 4, 1),
(2, 38, 79, 4, 4),
(2, 38, 80, 4, 4),
(2, 38, 81, 4, 3),
(2, 38, 82, 4, 2),
(2, 38, 83, 4, 2),
(2, 38, 84, 4, 4),
(2, 38, 85, 4, 2),
(2, 38, 86, 4, 2),
(2, 38, 87, 4, 2),
(2, 38, 88, 4, 4),
(2, 38, 89, 4, 4),
(2, 38, 90, 4, 3),
(2, 38, 91, 4, 4),
(2, 38, 92, 4, 3),
(2, 38, 93, 4, 3),
(2, 38, 94, 4, 4),
(2, 38, 95, 4, 4),
(2, 38, 96, 4, 4),
(2, 38, 97, 4, 2),
(2, 38, 98, 4, 3),
(2, 38, 99, 4, 3),
(2, 38, 100, 4, 4),
(2, 38, 101, 4, 3),
(2, 38, 102, 4, 4),
(2, 38, 103, 4, 1),
(2, 38, 104, 4, 4),
(2, 38, 105, 4, 0),
(2, 38, 106, 4, 4),
(2, 38, 107, 4, 1),
(2, 38, 108, 4, 4),
(2, 38, 109, 4, 4),
(2, 29, 1, 3, 2),
(2, 29, 2, 3, 2),
(2, 29, 3, 3, 3),
(2, 29, 4, 3, 2),
(2, 29, 5, 3, 2),
(2, 29, 6, 3, 1),
(2, 29, 7, 3, 3),
(2, 29, 8, 3, 2),
(2, 29, 9, 3, 1),
(2, 29, 10, 3, 2),
(2, 29, 11, 3, 3),
(2, 29, 12, 3, 2),
(2, 29, 13, 3, 1),
(2, 29, 14, 3, 2),
(2, 29, 15, 3, 1),
(2, 29, 16, 3, 3),
(2, 29, 17, 3, 2),
(2, 29, 18, 3, 3),
(2, 29, 19, 3, 2),
(2, 29, 20, 3, 1),
(2, 29, 21, 3, 2),
(2, 29, 22, 3, 1),
(2, 29, 23, 3, 1),
(2, 29, 24, 3, 3),
(2, 29, 25, 3, 1),
(2, 29, 26, 3, 1),
(2, 29, 27, 3, 2),
(2, 29, 28, 3, 0),
(2, 29, 29, 3, 1),
(2, 29, 30, 3, 1),
(2, 29, 31, 3, 1),
(2, 29, 32, 3, 1),
(2, 29, 33, 3, 1),
(2, 29, 34, 3, 1),
(2, 29, 35, 3, 2),
(2, 29, 36, 3, 2),
(2, 29, 37, 3, 1),
(2, 29, 38, 3, 2),
(2, 29, 39, 3, 2),
(2, 29, 40, 3, 1),
(2, 29, 41, 3, 2),
(2, 29, 42, 3, 2),
(2, 29, 43, 3, 1),
(2, 29, 44, 3, 0),
(2, 29, 45, 3, 2),
(2, 29, 46, 3, 2),
(2, 29, 47, 3, 0),
(2, 29, 48, 3, 2),
(2, 29, 49, 3, 3),
(2, 29, 50, 3, 2),
(2, 29, 51, 3, 1),
(2, 29, 52, 3, 1),
(2, 29, 53, 3, 0),
(2, 29, 54, 3, 0),
(2, 29, 55, 3, 1),
(2, 29, 56, 3, 2),
(2, 27, 1, 4, 4),
(2, 27, 2, 4, 3),
(2, 27, 3, 4, 3),
(2, 27, 4, 4, 4),
(2, 27, 5, 4, 4),
(2, 27, 6, 4, 3),
(2, 27, 7, 4, 3),
(2, 27, 8, 4, 4),
(2, 27, 9, 4, 1),
(2, 27, 10, 4, 3),
(2, 27, 11, 4, 4),
(2, 27, 12, 4, 1),
(2, 27, 13, 4, 1),
(2, 27, 14, 4, 3),
(2, 27, 15, 4, 2),
(2, 27, 16, 4, 3),
(2, 27, 17, 4, 3),
(2, 27, 18, 4, 3),
(2, 27, 19, 4, 3),
(2, 27, 20, 4, 4),
(2, 27, 21, 4, 4),
(2, 27, 22, 4, 4),
(2, 27, 23, 4, 2),
(2, 27, 24, 4, 4),
(2, 27, 25, 4, 2),
(2, 27, 26, 4, 2),
(2, 27, 27, 4, 4),
(2, 27, 28, 4, 0),
(2, 27, 29, 4, 1),
(2, 27, 30, 4, 0),
(2, 27, 31, 4, 2),
(2, 27, 32, 4, 3),
(2, 27, 33, 4, 4),
(2, 27, 34, 4, 4),
(2, 27, 35, 4, 4),
(2, 27, 36, 4, 4),
(2, 27, 37, 4, 1),
(2, 27, 38, 4, 3),
(2, 27, 39, 4, 4),
(2, 27, 40, 4, 4),
(2, 27, 41, 4, 2),
(2, 27, 42, 4, 2),
(2, 27, 43, 4, 3),
(2, 27, 44, 4, 3),
(2, 27, 45, 4, 3),
(2, 27, 46, 4, 3),
(2, 27, 47, 4, 3),
(2, 27, 48, 4, 2),
(2, 27, 49, 4, 3),
(2, 27, 50, 4, 4),
(2, 27, 51, 4, 0),
(2, 27, 52, 4, 0),
(2, 27, 53, 4, 0),
(2, 27, 54, 4, 0),
(2, 27, 55, 4, 0),
(2, 27, 56, 4, 4),
(2, 37, 57, 5, 3),
(2, 37, 58, 5, 4),
(2, 37, 59, 5, 5),
(2, 37, 60, 5, 3),
(2, 37, 61, 5, 5),
(2, 37, 62, 5, 3),
(2, 37, 63, 5, 4),
(2, 37, 64, 5, 1),
(2, 37, 65, 5, 2),
(2, 37, 66, 5, 4),
(2, 37, 67, 5, 4),
(2, 37, 68, 5, 3),
(2, 37, 69, 5, 3),
(2, 37, 70, 5, 5),
(2, 37, 71, 5, 3),
(2, 37, 72, 5, 3),
(2, 37, 73, 5, 5),
(2, 37, 74, 5, 5),
(2, 37, 75, 5, 3),
(2, 37, 76, 5, 2),
(2, 37, 77, 5, 5),
(2, 37, 78, 5, 2),
(2, 37, 79, 5, 5),
(2, 37, 80, 5, 5),
(2, 37, 81, 5, 4),
(2, 37, 82, 5, 2),
(2, 37, 83, 5, 4),
(2, 37, 84, 5, 3),
(2, 37, 85, 5, 1),
(2, 37, 86, 5, 3),
(2, 37, 87, 5, 4),
(2, 37, 88, 5, 5),
(2, 37, 89, 5, 5),
(2, 37, 90, 5, 5),
(2, 37, 91, 5, 5),
(2, 37, 92, 5, 3),
(2, 37, 93, 5, 4),
(2, 37, 94, 5, 5),
(2, 37, 95, 5, 0),
(2, 37, 96, 5, 4),
(2, 37, 97, 5, 3),
(2, 37, 98, 5, 3),
(2, 37, 99, 5, 4),
(2, 37, 100, 5, 5),
(2, 37, 101, 5, 5),
(2, 37, 102, 5, 5),
(2, 37, 103, 5, 1),
(2, 37, 104, 5, 4),
(2, 37, 105, 5, 1),
(2, 37, 106, 5, 3),
(2, 37, 107, 5, 2),
(2, 37, 108, 5, 4),
(2, 37, 109, 5, 4),
(2, 24, 1, 15, 12),
(2, 24, 2, 15, 10),
(2, 24, 3, 15, 9),
(2, 24, 4, 15, 13),
(2, 24, 5, 15, 15),
(2, 24, 6, 15, 9),
(2, 24, 7, 15, 9),
(2, 24, 8, 15, 13),
(2, 24, 9, 15, 1),
(2, 24, 10, 15, 15),
(2, 24, 11, 15, 14),
(2, 24, 12, 15, 2),
(2, 24, 13, 15, 7),
(2, 24, 14, 15, 12),
(2, 24, 15, 15, 7),
(2, 24, 16, 15, 7),
(2, 24, 17, 15, 10),
(2, 24, 18, 15, 8),
(2, 24, 19, 15, 9),
(2, 24, 20, 15, 10),
(2, 24, 21, 15, 11),
(2, 24, 22, 15, 11),
(2, 24, 23, 15, 5),
(2, 24, 24, 15, 11),
(2, 24, 25, 15, 6),
(2, 24, 26, 15, 8),
(2, 24, 27, 15, 14),
(2, 24, 28, 15, 2),
(2, 24, 29, 15, 8),
(2, 24, 30, 15, 0),
(2, 24, 31, 15, 6),
(2, 24, 32, 15, 8),
(2, 24, 33, 15, 14),
(2, 24, 34, 15, 13),
(2, 24, 35, 15, 14),
(2, 24, 36, 15, 14),
(2, 24, 37, 15, 4),
(2, 24, 38, 15, 11),
(2, 24, 39, 15, 15),
(2, 24, 40, 15, 13),
(2, 24, 41, 15, 9),
(2, 24, 42, 15, 11),
(2, 24, 43, 15, 9),
(2, 24, 44, 15, 4),
(2, 24, 45, 15, 12),
(2, 24, 46, 15, 11),
(2, 24, 47, 15, 11),
(2, 24, 48, 15, 10),
(2, 24, 49, 15, 14),
(2, 24, 50, 15, 13),
(2, 24, 51, 15, 4),
(2, 24, 52, 15, 1),
(2, 24, 53, 15, 3),
(2, 24, 54, 15, 1),
(2, 24, 55, 15, 6),
(2, 24, 56, 15, 15),
(2, 22, 1, 16, 14),
(2, 22, 2, 16, 12),
(2, 22, 3, 16, 9),
(2, 22, 4, 16, 14),
(2, 22, 5, 16, 16),
(2, 22, 6, 16, 11),
(2, 22, 7, 16, 12),
(2, 22, 8, 16, 12),
(2, 22, 9, 16, 4),
(2, 22, 10, 16, 15),
(2, 22, 11, 16, 16),
(2, 22, 12, 16, 3),
(2, 22, 13, 16, 8),
(2, 22, 14, 16, 14),
(2, 22, 15, 16, 7),
(2, 22, 16, 16, 13),
(2, 22, 17, 16, 12),
(2, 22, 18, 16, 14),
(2, 22, 19, 16, 12),
(2, 22, 20, 16, 9),
(2, 22, 21, 16, 15),
(2, 22, 22, 16, 14),
(2, 22, 23, 16, 7),
(2, 22, 24, 16, 15),
(2, 22, 25, 16, 6),
(2, 22, 26, 16, 7),
(2, 22, 27, 16, 16),
(2, 22, 28, 16, 0),
(2, 22, 29, 16, 11),
(2, 22, 30, 16, 0),
(2, 22, 31, 16, 5),
(2, 22, 32, 16, 8),
(2, 22, 33, 16, 13),
(2, 22, 34, 16, 13),
(2, 22, 35, 16, 15),
(2, 22, 36, 16, 16),
(2, 22, 37, 16, 5),
(2, 22, 38, 16, 14),
(2, 22, 39, 16, 16),
(2, 22, 40, 16, 15),
(2, 22, 41, 16, 11),
(2, 22, 42, 16, 12),
(2, 22, 43, 16, 11),
(2, 22, 44, 16, 5),
(2, 22, 45, 16, 14),
(2, 22, 46, 16, 10),
(2, 22, 47, 16, 11),
(2, 22, 48, 16, 12),
(2, 22, 49, 16, 15),
(2, 22, 50, 16, 12),
(2, 22, 51, 16, 5),
(2, 22, 52, 16, 0),
(2, 22, 53, 16, 0),
(2, 22, 54, 16, 0),
(2, 22, 55, 16, 8),
(2, 22, 56, 16, 13),
(2, 21, 1, 18, 16),
(2, 21, 2, 18, 14),
(2, 21, 3, 18, 12),
(2, 21, 4, 18, 15),
(2, 21, 5, 18, 18),
(2, 21, 6, 18, 13),
(2, 21, 7, 18, 12),
(2, 21, 8, 18, 12),
(2, 21, 9, 18, 3),
(2, 21, 10, 18, 17),
(2, 21, 11, 18, 18),
(2, 21, 12, 18, 2),
(2, 21, 13, 18, 9),
(2, 21, 14, 18, 15),
(2, 21, 15, 18, 8),
(2, 21, 16, 18, 12),
(2, 21, 17, 18, 16),
(2, 21, 18, 18, 11),
(2, 21, 19, 18, 10),
(2, 21, 20, 18, 10),
(2, 21, 21, 18, 17),
(2, 21, 22, 18, 12),
(2, 21, 23, 18, 8),
(2, 21, 24, 18, 14),
(2, 21, 25, 18, 18),
(2, 21, 26, 18, 9),
(2, 21, 27, 18, 17),
(2, 21, 28, 18, 1),
(2, 21, 29, 18, 11),
(2, 21, 30, 18, 0),
(2, 21, 31, 18, 5),
(2, 21, 32, 18, 5),
(2, 21, 33, 18, 15),
(2, 21, 34, 18, 15),
(2, 21, 35, 18, 16),
(2, 21, 36, 18, 16),
(2, 21, 37, 18, 4),
(2, 21, 38, 18, 15),
(2, 21, 39, 18, 18),
(2, 21, 40, 18, 13),
(2, 21, 41, 18, 9),
(2, 21, 42, 18, 15),
(2, 21, 43, 18, 12),
(2, 21, 44, 18, 7),
(2, 21, 45, 18, 16),
(2, 21, 46, 18, 12),
(2, 21, 47, 18, 14),
(2, 21, 48, 18, 15),
(2, 21, 49, 18, 17),
(2, 21, 50, 18, 13),
(2, 21, 51, 18, 9),
(2, 21, 52, 18, 0),
(2, 21, 53, 18, 2),
(2, 21, 54, 18, 0),
(2, 21, 55, 18, 9),
(2, 21, 56, 18, 16),
(3, 22, 1, 15, 13),
(3, 22, 2, 15, 11),
(3, 22, 3, 15, 8),
(3, 22, 4, 15, 13),
(3, 22, 5, 15, 15),
(3, 22, 6, 15, 10),
(3, 22, 7, 15, 11),
(3, 22, 8, 15, 11),
(3, 22, 9, 15, 3),
(3, 22, 10, 15, 14),
(3, 22, 11, 15, 15),
(3, 22, 12, 15, 2),
(3, 22, 13, 15, 7),
(3, 22, 14, 15, 13),
(3, 22, 15, 15, 7),
(3, 22, 16, 15, 12),
(3, 22, 17, 15, 11),
(3, 22, 18, 15, 13),
(3, 22, 19, 15, 11),
(3, 22, 20, 15, 9),
(3, 22, 21, 15, 14),
(3, 22, 22, 15, 13),
(3, 22, 23, 15, 6),
(3, 22, 24, 15, 14),
(3, 22, 25, 15, 6),
(3, 22, 26, 15, 6),
(3, 22, 27, 15, 15),
(3, 22, 28, 15, 0),
(3, 22, 29, 15, 10),
(3, 22, 30, 15, 0),
(3, 22, 31, 15, 4),
(3, 22, 32, 15, 7),
(3, 22, 33, 15, 12),
(3, 22, 34, 15, 12),
(3, 22, 35, 15, 14),
(3, 22, 36, 15, 15),
(3, 22, 37, 15, 4),
(3, 22, 38, 15, 13),
(3, 22, 39, 15, 15),
(3, 22, 40, 15, 14),
(3, 22, 41, 15, 10),
(3, 22, 42, 15, 11),
(3, 22, 43, 15, 10),
(3, 22, 44, 15, 4),
(3, 22, 45, 15, 13),
(3, 22, 46, 15, 9),
(3, 22, 47, 15, 10),
(3, 22, 48, 15, 11),
(3, 22, 49, 15, 14),
(3, 22, 50, 15, 11),
(3, 22, 51, 15, 4),
(3, 22, 52, 15, 1),
(3, 22, 53, 15, 0),
(3, 22, 54, 15, 0),
(3, 22, 55, 15, 7),
(3, 22, 56, 15, 12),
(2, 26, 1, 16, 14),
(2, 26, 2, 16, 12),
(2, 26, 3, 16, 10),
(2, 26, 4, 16, 12),
(2, 26, 5, 16, 16),
(2, 26, 6, 16, 12),
(2, 26, 7, 16, 12),
(2, 26, 8, 16, 13),
(2, 26, 9, 16, 0),
(2, 26, 10, 16, 15),
(2, 26, 11, 16, 15),
(2, 26, 12, 16, 2),
(2, 26, 13, 16, 9),
(2, 26, 14, 16, 16),
(2, 26, 15, 16, 11),
(2, 26, 16, 16, 10),
(2, 26, 17, 16, 10),
(2, 26, 18, 16, 9),
(2, 26, 19, 16, 14),
(2, 26, 20, 16, 13),
(2, 26, 21, 16, 13),
(2, 26, 22, 16, 11),
(2, 26, 23, 16, 8),
(2, 26, 24, 16, 13),
(2, 26, 25, 16, 7),
(2, 26, 26, 16, 9),
(2, 26, 27, 16, 15),
(2, 26, 28, 16, 2),
(2, 26, 29, 16, 13),
(2, 26, 30, 16, 0),
(2, 26, 31, 16, 4),
(2, 26, 32, 16, 11),
(2, 26, 33, 16, 14),
(2, 26, 34, 16, 13),
(2, 26, 35, 16, 13),
(2, 26, 36, 16, 14),
(2, 26, 37, 16, 3),
(2, 26, 38, 16, 13),
(2, 26, 39, 16, 15),
(2, 26, 40, 16, 15),
(2, 26, 41, 16, 11),
(2, 26, 42, 16, 13),
(2, 26, 43, 16, 12),
(2, 26, 44, 16, 6),
(2, 26, 45, 16, 13),
(2, 26, 46, 16, 11),
(2, 26, 47, 16, 14),
(2, 26, 48, 16, 13),
(2, 26, 49, 16, 16),
(2, 26, 50, 16, 16),
(2, 26, 51, 16, 7),
(2, 26, 52, 16, 0),
(2, 26, 53, 16, 2),
(2, 26, 54, 16, 0),
(2, 26, 55, 16, 8),
(2, 26, 56, 16, 15),
(2, 36, 57, 14, 12),
(2, 36, 58, 14, 13),
(2, 36, 59, 14, 13),
(2, 36, 60, 14, 6),
(2, 36, 61, 14, 12),
(2, 36, 62, 14, 8),
(2, 36, 63, 14, 9),
(2, 36, 64, 14, 0),
(2, 36, 65, 14, 5),
(2, 36, 66, 14, 10),
(2, 36, 67, 14, 5),
(2, 36, 68, 14, 10),
(2, 36, 69, 14, 9),
(2, 36, 70, 14, 12),
(2, 36, 71, 14, 6),
(2, 36, 72, 14, 6),
(2, 36, 73, 14, 11),
(2, 36, 74, 14, 14),
(2, 36, 75, 14, 4),
(2, 36, 76, 14, 5),
(2, 36, 77, 14, 10),
(2, 36, 78, 14, 5),
(2, 36, 79, 14, 12),
(2, 36, 80, 14, 10),
(2, 36, 81, 14, 14),
(2, 36, 82, 14, 5),
(2, 36, 83, 14, 9),
(2, 36, 84, 14, 8),
(2, 36, 85, 14, 3),
(2, 36, 86, 14, 4),
(2, 36, 87, 14, 5),
(2, 36, 88, 14, 12),
(2, 36, 89, 14, 13),
(2, 36, 90, 14, 14),
(2, 36, 91, 14, 13),
(2, 36, 92, 14, 8),
(2, 36, 93, 14, 7),
(2, 36, 94, 14, 6),
(2, 36, 95, 14, 12),
(2, 36, 96, 14, 8),
(2, 36, 97, 14, 6),
(2, 36, 98, 14, 8),
(2, 36, 99, 14, 13),
(2, 36, 100, 14, 13),
(2, 36, 101, 14, 14),
(2, 36, 102, 14, 11),
(2, 36, 103, 14, 2),
(2, 36, 104, 14, 9),
(2, 36, 105, 14, 4),
(2, 36, 106, 14, 9),
(2, 36, 107, 14, 7),
(2, 36, 108, 14, 13),
(2, 36, 109, 14, 10),
(2, 25, 1, 18, 15),
(2, 25, 2, 18, 14),
(2, 25, 3, 18, 9),
(2, 25, 4, 18, 16),
(2, 25, 5, 18, 18),
(2, 25, 6, 18, 11),
(2, 25, 7, 18, 12),
(2, 25, 8, 18, 14),
(2, 25, 9, 18, 2),
(2, 25, 10, 18, 18),
(2, 25, 11, 18, 18),
(2, 25, 12, 18, 1),
(2, 25, 13, 18, 10),
(2, 25, 14, 18, 14),
(2, 25, 15, 18, 8),
(2, 25, 16, 18, 9),
(2, 25, 17, 18, 14),
(2, 25, 18, 18, 8),
(2, 25, 19, 18, 12),
(2, 25, 20, 18, 10),
(2, 25, 21, 18, 16),
(2, 25, 22, 18, 15),
(2, 25, 23, 18, 8),
(2, 25, 24, 18, 12),
(2, 25, 25, 18, 7),
(2, 25, 26, 18, 12),
(2, 25, 27, 18, 17),
(2, 25, 28, 18, 0),
(2, 25, 29, 18, 11),
(2, 25, 30, 18, 0),
(2, 25, 31, 18, 6),
(2, 25, 32, 18, 8),
(2, 25, 33, 18, 16),
(2, 25, 34, 18, 16),
(2, 25, 35, 18, 18),
(2, 25, 36, 18, 18),
(2, 25, 37, 18, 3),
(2, 25, 38, 18, 14),
(2, 25, 39, 18, 18),
(2, 25, 40, 18, 13),
(2, 25, 41, 18, 12),
(2, 25, 42, 18, 16),
(2, 25, 43, 18, 12),
(2, 25, 44, 18, 9),
(2, 25, 45, 18, 14),
(2, 25, 46, 18, 9),
(2, 25, 47, 18, 15),
(2, 25, 48, 18, 15),
(2, 25, 49, 18, 18),
(2, 25, 50, 18, 15),
(2, 25, 51, 18, 6),
(2, 25, 52, 18, 1),
(2, 25, 53, 18, 1),
(2, 25, 54, 18, 0),
(2, 25, 55, 18, 9),
(2, 25, 56, 18, 18),
(2, 35, 57, 18, 10),
(2, 35, 58, 18, 13),
(2, 35, 59, 18, 16),
(2, 35, 60, 18, 14),
(2, 35, 61, 18, 17),
(2, 35, 62, 18, 13),
(2, 35, 63, 18, 18),
(2, 35, 64, 18, 0),
(2, 35, 65, 18, 4),
(2, 35, 66, 18, 13),
(2, 35, 67, 18, 12),
(2, 35, 68, 18, 10),
(2, 35, 69, 18, 15),
(2, 35, 70, 18, 18),
(2, 35, 71, 18, 10),
(2, 35, 72, 18, 9),
(2, 35, 73, 18, 14),
(2, 35, 74, 18, 18),
(2, 35, 75, 18, 3),
(2, 35, 76, 18, 7),
(2, 35, 77, 18, 11),
(2, 35, 78, 18, 5),
(2, 35, 79, 18, 17),
(2, 35, 80, 18, 12),
(2, 35, 81, 18, 14),
(2, 35, 82, 18, 5),
(2, 35, 83, 18, 12),
(2, 35, 84, 18, 12),
(2, 35, 85, 18, 6),
(2, 35, 86, 18, 5),
(2, 35, 87, 18, 12),
(2, 35, 88, 18, 17),
(2, 35, 89, 18, 18),
(2, 35, 90, 18, 16),
(2, 35, 91, 18, 16),
(2, 35, 92, 18, 9),
(2, 35, 93, 18, 14),
(2, 35, 94, 18, 13),
(2, 35, 95, 18, 16),
(2, 35, 96, 18, 16),
(2, 35, 97, 18, 7),
(2, 35, 98, 18, 12),
(2, 35, 99, 18, 16),
(2, 35, 100, 18, 18),
(2, 35, 101, 18, 15),
(2, 35, 102, 18, 18),
(2, 35, 103, 18, 1),
(2, 35, 104, 18, 14),
(2, 35, 105, 18, 3),
(2, 35, 106, 18, 16),
(2, 35, 107, 18, 5),
(2, 35, 108, 18, 16),
(2, 35, 109, 18, 10),
(2, 30, 1, 3, 2),
(2, 30, 2, 3, 2),
(2, 30, 3, 3, 1),
(2, 30, 4, 3, 2),
(2, 30, 5, 3, 3),
(2, 30, 6, 3, 2),
(2, 30, 7, 3, 2),
(2, 30, 8, 3, 2),
(2, 30, 9, 3, 0),
(2, 30, 10, 3, 3),
(2, 30, 11, 3, 3),
(2, 30, 12, 3, 1),
(2, 30, 13, 3, 0),
(2, 30, 14, 3, 2),
(2, 30, 15, 3, 0),
(2, 30, 16, 3, 3),
(2, 30, 17, 3, 2),
(2, 30, 18, 3, 3),
(2, 30, 19, 3, 1),
(2, 30, 20, 3, 2),
(2, 30, 21, 3, 2),
(2, 30, 22, 3, 3),
(2, 30, 23, 3, 0),
(2, 30, 24, 3, 3),
(2, 30, 25, 3, 1),
(2, 30, 26, 3, 1),
(2, 30, 27, 3, 3),
(2, 30, 28, 3, 0),
(2, 30, 29, 3, 0),
(2, 30, 30, 3, 0),
(2, 30, 31, 3, 0),
(2, 30, 32, 3, 3),
(2, 30, 33, 3, 2),
(2, 30, 34, 3, 2),
(2, 30, 35, 3, 3),
(2, 30, 36, 3, 3),
(2, 30, 37, 3, 1),
(2, 30, 38, 3, 3),
(2, 30, 39, 3, 3),
(2, 30, 40, 3, 3),
(2, 30, 41, 3, 2),
(2, 30, 42, 3, 2),
(2, 30, 43, 3, 1),
(2, 30, 44, 3, 0),
(2, 30, 45, 3, 2),
(2, 30, 46, 3, 0),
(2, 30, 47, 3, 2),
(2, 30, 48, 3, 1),
(2, 30, 49, 3, 3),
(2, 30, 50, 3, 2),
(2, 30, 51, 3, 0),
(2, 30, 52, 3, 1),
(2, 30, 53, 3, 0),
(2, 30, 54, 3, 0),
(2, 30, 55, 3, 1),
(2, 30, 56, 3, 3),
(2, 40, 57, 4, 3),
(2, 40, 58, 4, 2),
(2, 40, 59, 4, 1),
(2, 40, 60, 4, 3),
(2, 40, 61, 4, 3),
(2, 40, 62, 4, 3),
(2, 40, 63, 4, 4),
(2, 40, 64, 4, 0),
(2, 40, 65, 4, 1),
(2, 40, 66, 4, 3),
(2, 40, 67, 4, 2),
(2, 40, 68, 4, 2),
(2, 40, 69, 4, 3),
(2, 40, 70, 4, 4),
(2, 40, 71, 4, 0),
(2, 40, 72, 4, 0),
(2, 40, 73, 4, 4),
(2, 40, 74, 4, 4),
(2, 40, 75, 4, 2),
(2, 40, 76, 4, 2),
(2, 40, 77, 4, 2),
(2, 40, 78, 4, 2),
(2, 40, 79, 4, 4),
(2, 40, 80, 4, 4),
(2, 40, 81, 4, 3),
(2, 40, 82, 4, 2),
(2, 40, 83, 4, 2),
(2, 40, 84, 4, 1),
(2, 40, 85, 4, 0),
(2, 40, 86, 4, 2),
(2, 40, 87, 4, 2),
(2, 40, 88, 4, 4),
(2, 40, 89, 4, 4),
(2, 40, 90, 4, 3),
(2, 40, 91, 4, 4),
(2, 40, 92, 4, 2),
(2, 40, 93, 4, 3),
(2, 40, 94, 4, 3),
(2, 40, 95, 4, 2),
(2, 40, 96, 4, 3),
(2, 40, 97, 4, 2),
(2, 40, 98, 4, 2),
(2, 40, 99, 4, 3),
(2, 40, 100, 4, 4),
(2, 40, 101, 4, 3),
(2, 40, 102, 4, 4),
(2, 40, 103, 4, 0),
(2, 40, 104, 4, 3),
(2, 40, 105, 4, 1),
(2, 40, 106, 4, 2),
(2, 40, 107, 4, 2),
(2, 40, 108, 4, 3),
(2, 40, 109, 4, 2),
(2, 120, 57, 3, 1),
(2, 120, 58, 3, 2),
(2, 120, 59, 3, 3),
(2, 120, 60, 3, 2),
(2, 120, 61, 3, 1),
(2, 120, 62, 3, 3),
(2, 120, 63, 3, 1),
(2, 120, 64, 3, 0),
(2, 120, 65, 3, 1),
(2, 120, 66, 3, 3),
(2, 120, 67, 3, 2),
(2, 120, 68, 3, 1),
(2, 120, 69, 3, 3),
(2, 120, 70, 3, 3),
(2, 120, 71, 3, 3),
(2, 120, 72, 3, 2),
(2, 120, 73, 3, 2),
(2, 120, 74, 3, 3),
(2, 120, 75, 3, 0),
(2, 120, 76, 3, 0),
(2, 120, 77, 3, 3),
(2, 120, 78, 3, 3),
(2, 120, 79, 3, 3),
(2, 120, 80, 3, 1),
(2, 120, 81, 3, 1),
(2, 120, 82, 3, 0),
(2, 120, 83, 3, 1),
(2, 120, 84, 3, 3),
(2, 120, 85, 3, 1),
(2, 120, 86, 3, 0),
(2, 120, 87, 3, 2),
(2, 120, 88, 3, 2),
(2, 120, 89, 3, 3),
(2, 120, 90, 3, 3),
(2, 120, 91, 3, 3),
(2, 120, 92, 3, 1),
(2, 120, 93, 3, 1),
(2, 120, 94, 3, 2),
(2, 120, 95, 3, 2),
(2, 120, 96, 3, 2),
(2, 120, 97, 3, 2),
(2, 120, 98, 3, 3),
(2, 120, 99, 3, 2),
(2, 120, 100, 3, 1),
(2, 120, 101, 3, 2),
(2, 120, 102, 3, 3),
(2, 120, 103, 3, 2),
(2, 120, 104, 3, 3),
(2, 120, 105, 3, 0),
(2, 120, 106, 3, 3),
(2, 120, 107, 3, 0),
(2, 120, 108, 3, 2),
(2, 120, 109, 3, 1),
(2, 119, 1, 6, 4),
(2, 119, 2, 6, 5),
(2, 119, 3, 6, 3),
(2, 119, 4, 6, 3),
(2, 119, 5, 6, 6),
(2, 119, 6, 6, 3),
(2, 119, 7, 6, 4),
(2, 119, 8, 6, 5),
(2, 119, 9, 6, 2),
(2, 119, 10, 6, 5),
(2, 119, 11, 6, 6),
(2, 119, 12, 6, 1),
(2, 119, 13, 6, 2),
(2, 119, 14, 6, 4),
(2, 119, 15, 6, 1),
(2, 119, 16, 6, 5),
(2, 119, 17, 6, 4),
(2, 119, 18, 6, 5),
(2, 119, 19, 6, 4),
(2, 119, 20, 6, 5),
(2, 119, 21, 6, 4),
(2, 119, 22, 6, 5),
(2, 119, 23, 6, 2),
(2, 119, 24, 6, 5),
(2, 119, 25, 6, 4),
(2, 119, 26, 6, 2),
(2, 119, 27, 6, 6),
(2, 119, 28, 6, 0),
(2, 119, 29, 6, 2),
(2, 119, 30, 6, 0),
(2, 119, 31, 6, 1),
(2, 119, 32, 6, 3),
(2, 119, 33, 6, 2),
(2, 119, 34, 6, 3),
(2, 119, 35, 6, 5),
(2, 119, 36, 6, 6),
(2, 119, 37, 6, 0),
(2, 119, 38, 6, 5),
(2, 119, 39, 6, 6),
(2, 119, 40, 6, 5),
(2, 119, 41, 6, 3),
(2, 119, 42, 6, 3),
(2, 119, 43, 6, 3),
(2, 119, 44, 6, 0),
(2, 119, 45, 6, 4),
(2, 119, 46, 6, 3),
(2, 119, 47, 6, 3),
(2, 119, 48, 6, 5),
(2, 119, 49, 6, 6),
(2, 119, 50, 6, 3),
(2, 119, 51, 6, 1),
(2, 119, 52, 6, 0),
(2, 119, 53, 6, 0),
(2, 119, 54, 6, 0),
(2, 119, 55, 6, 2),
(2, 119, 56, 6, 3),
(2, 23, 1, 16, 12),
(2, 23, 2, 16, 13),
(2, 23, 3, 16, 8),
(2, 23, 4, 16, 10),
(2, 23, 5, 16, 16),
(2, 23, 6, 16, 10),
(2, 23, 7, 16, 10),
(2, 23, 8, 16, 10),
(2, 23, 9, 16, 3),
(2, 23, 10, 16, 15),
(2, 23, 11, 16, 15),
(2, 23, 12, 16, 3),
(2, 23, 13, 16, 8),
(2, 23, 14, 16, 13),
(2, 23, 15, 16, 5),
(2, 23, 16, 16, 13),
(2, 23, 17, 16, 11),
(2, 23, 18, 16, 11),
(2, 23, 19, 16, 11),
(2, 23, 20, 16, 11),
(2, 23, 21, 16, 12),
(2, 23, 22, 16, 14),
(2, 23, 23, 16, 6),
(2, 23, 24, 16, 12),
(2, 23, 25, 16, 7),
(2, 23, 26, 16, 8),
(2, 23, 27, 16, 15),
(2, 23, 28, 16, 0),
(2, 23, 29, 16, 7),
(2, 23, 30, 16, 0),
(2, 23, 31, 16, 3),
(2, 23, 32, 16, 6),
(2, 23, 33, 16, 11),
(2, 23, 34, 16, 12),
(2, 23, 35, 16, 13),
(2, 23, 36, 16, 15),
(2, 23, 37, 16, 3),
(2, 23, 38, 16, 12),
(2, 23, 39, 16, 15),
(2, 23, 40, 16, 13),
(2, 23, 41, 16, 10),
(2, 23, 42, 16, 13),
(2, 23, 43, 16, 9),
(2, 23, 44, 16, 5),
(2, 23, 45, 16, 13),
(2, 23, 46, 16, 8),
(2, 23, 47, 16, 9),
(2, 23, 48, 16, 13),
(2, 23, 49, 16, 15),
(2, 23, 50, 16, 11),
(2, 23, 51, 16, 5),
(2, 23, 52, 16, 1),
(2, 23, 53, 16, 0),
(2, 23, 54, 16, 0),
(2, 23, 55, 16, 8),
(2, 23, 56, 16, 14),
(2, 33, 57, 16, 9),
(2, 33, 58, 16, 11),
(2, 33, 59, 16, 14),
(2, 33, 60, 16, 12),
(2, 33, 61, 16, 15),
(2, 33, 62, 16, 10),
(2, 33, 63, 16, 13),
(2, 33, 64, 16, 4),
(2, 33, 65, 16, 6),
(2, 33, 66, 16, 12),
(2, 33, 67, 16, 10),
(2, 33, 68, 16, 8),
(2, 33, 69, 16, 14),
(2, 33, 70, 16, 15),
(2, 33, 71, 16, 10),
(2, 33, 72, 16, 7),
(2, 33, 73, 16, 12),
(2, 33, 74, 16, 15),
(2, 33, 75, 16, 5),
(2, 33, 76, 16, 9),
(2, 33, 77, 16, 14),
(2, 33, 78, 16, 7),
(2, 33, 79, 16, 15),
(2, 33, 80, 16, 12),
(2, 33, 81, 16, 11),
(2, 33, 82, 16, 6),
(2, 33, 83, 16, 10),
(2, 33, 84, 16, 13),
(2, 33, 85, 16, 6),
(2, 33, 86, 16, 7),
(2, 33, 87, 16, 11),
(2, 33, 88, 16, 13),
(2, 33, 89, 16, 15),
(2, 33, 90, 16, 14),
(2, 33, 91, 16, 12),
(2, 33, 92, 16, 7),
(2, 33, 93, 16, 12),
(2, 33, 94, 16, 12),
(2, 33, 95, 16, 13),
(2, 33, 96, 16, 13),
(2, 33, 97, 16, 6),
(2, 33, 98, 16, 12),
(2, 33, 99, 16, 11),
(2, 33, 100, 16, 13),
(2, 33, 101, 16, 14),
(2, 33, 102, 16, 15),
(2, 33, 103, 16, 5),
(2, 33, 104, 16, 13),
(2, 33, 105, 16, 3),
(2, 33, 106, 16, 12),
(2, 33, 107, 16, 8),
(2, 33, 108, 16, 13),
(2, 33, 109, 16, 8),
(2, 31, 57, 17, 10),
(2, 31, 58, 17, 10),
(2, 31, 59, 17, 14),
(2, 31, 60, 17, 11),
(2, 31, 61, 17, 16),
(2, 31, 62, 17, 10),
(2, 31, 63, 17, 15),
(2, 31, 64, 17, 2),
(2, 31, 65, 17, 3),
(2, 31, 66, 17, 15),
(2, 31, 67, 17, 12),
(2, 31, 68, 17, 7),
(2, 31, 69, 17, 15),
(2, 31, 70, 17, 15),
(2, 31, 71, 17, 9),
(2, 31, 72, 17, 7),
(2, 31, 73, 17, 14),
(2, 31, 74, 17, 17),
(2, 31, 75, 17, 5),
(2, 31, 76, 17, 8),
(2, 31, 77, 17, 13),
(2, 31, 78, 17, 6),
(2, 31, 79, 17, 16),
(2, 31, 80, 17, 12),
(2, 31, 81, 17, 11),
(2, 31, 82, 17, 5),
(2, 31, 83, 17, 9),
(2, 31, 84, 17, 12),
(2, 31, 85, 17, 6),
(2, 31, 86, 17, 7),
(2, 31, 87, 17, 10),
(2, 31, 88, 17, 14),
(2, 31, 89, 17, 16),
(2, 31, 90, 17, 15),
(2, 31, 91, 17, 15),
(2, 31, 92, 17, 11),
(2, 31, 93, 17, 12),
(2, 31, 94, 17, 13),
(2, 31, 95, 17, 13),
(2, 31, 96, 17, 13),
(2, 31, 97, 17, 6),
(2, 31, 98, 17, 14),
(2, 31, 99, 17, 12),
(2, 31, 100, 17, 13),
(2, 31, 101, 17, 14),
(2, 31, 102, 17, 16),
(2, 31, 103, 17, 5),
(2, 31, 104, 17, 13),
(2, 31, 105, 17, 1),
(2, 31, 106, 17, 12),
(2, 31, 107, 17, 6),
(2, 31, 108, 17, 13),
(2, 31, 109, 17, 11),
(2, 32, 57, 17, 10),
(2, 32, 58, 17, 10),
(2, 32, 59, 17, 14),
(2, 32, 60, 17, 11),
(2, 32, 61, 17, 16),
(2, 32, 62, 17, 10),
(2, 32, 63, 17, 15),
(2, 32, 64, 17, 2),
(2, 32, 65, 17, 3),
(2, 32, 66, 17, 15),
(2, 32, 67, 17, 12),
(2, 32, 68, 17, 7),
(2, 32, 69, 17, 15),
(2, 32, 70, 17, 15),
(2, 32, 71, 17, 9),
(2, 32, 72, 17, 7),
(2, 32, 73, 17, 14),
(2, 32, 74, 17, 17),
(2, 32, 75, 17, 5),
(2, 32, 76, 17, 8),
(2, 32, 77, 17, 13),
(2, 32, 78, 17, 6),
(2, 32, 79, 17, 16),
(2, 32, 80, 17, 12),
(2, 32, 81, 17, 11),
(2, 32, 82, 17, 5),
(2, 32, 83, 17, 9),
(2, 32, 84, 17, 12),
(2, 32, 85, 17, 6),
(2, 32, 86, 17, 7),
(2, 32, 87, 17, 10),
(2, 32, 88, 17, 14),
(2, 32, 89, 17, 16),
(2, 32, 90, 17, 15),
(2, 32, 91, 17, 15),
(2, 32, 92, 17, 11),
(2, 32, 93, 17, 12),
(2, 32, 94, 17, 13),
(2, 32, 95, 17, 13),
(2, 32, 96, 17, 13),
(2, 32, 97, 17, 6),
(2, 32, 98, 17, 14),
(2, 32, 99, 17, 12),
(2, 32, 100, 17, 13),
(2, 32, 101, 17, 14),
(2, 32, 102, 17, 16),
(2, 32, 103, 17, 5),
(2, 32, 104, 17, 13),
(2, 32, 105, 17, 1),
(2, 32, 106, 17, 12),
(2, 32, 107, 17, 6),
(2, 32, 108, 17, 13),
(2, 32, 109, 17, 11),
(3, 31, 57, 15, 15),
(3, 31, 58, 15, 15),
(3, 31, 59, 15, 12),
(3, 31, 60, 15, 8),
(3, 31, 61, 15, 12),
(3, 31, 62, 15, 8),
(3, 31, 63, 15, 15),
(3, 31, 64, 15, 2),
(3, 31, 65, 15, 5),
(3, 31, 66, 15, 10),
(3, 31, 67, 15, 10),
(3, 31, 68, 15, 13),
(3, 31, 69, 15, 11),
(3, 31, 70, 15, 13),
(3, 31, 71, 15, 6),
(3, 31, 72, 15, 3),
(3, 31, 73, 15, 14),
(3, 31, 74, 15, 15),
(3, 31, 75, 15, 8),
(3, 31, 76, 15, 12),
(3, 31, 77, 15, 14),
(3, 31, 78, 15, 7),
(3, 31, 79, 15, 13),
(3, 31, 80, 15, 11),
(3, 31, 81, 15, 14),
(3, 31, 82, 15, 11),
(3, 31, 83, 15, 11),
(3, 31, 84, 15, 15),
(3, 31, 85, 15, 5),
(3, 31, 86, 15, 7),
(3, 31, 87, 15, 9),
(3, 31, 88, 15, 12),
(3, 31, 89, 15, 15),
(3, 31, 90, 15, 12),
(3, 31, 91, 15, 12),
(3, 31, 92, 15, 9),
(3, 31, 93, 15, 8),
(3, 31, 94, 15, 6),
(3, 31, 95, 15, 11),
(3, 31, 96, 15, 12),
(3, 31, 97, 15, 5),
(3, 31, 98, 15, 14),
(3, 31, 99, 15, 11),
(3, 31, 100, 15, 13),
(3, 31, 101, 15, 13),
(3, 31, 102, 15, 14),
(3, 31, 103, 15, 6),
(3, 31, 104, 15, 9),
(3, 31, 105, 15, 6),
(3, 31, 106, 15, 8),
(3, 31, 107, 15, 8),
(3, 31, 108, 15, 14),
(3, 31, 109, 15, 15),
(3, 32, 57, 15, 15),
(3, 32, 58, 15, 14),
(3, 32, 59, 15, 13),
(3, 32, 60, 15, 13),
(3, 32, 61, 15, 13),
(3, 32, 62, 15, 10),
(3, 32, 63, 15, 11),
(3, 32, 64, 15, 8),
(3, 32, 65, 15, 8),
(3, 32, 66, 15, 12),
(3, 32, 67, 15, 11),
(3, 32, 68, 15, 13),
(3, 32, 69, 15, 12),
(3, 32, 70, 15, 13),
(3, 32, 71, 15, 9),
(3, 32, 72, 15, 5),
(3, 32, 73, 15, 15),
(3, 32, 74, 15, 15),
(3, 32, 75, 15, 9),
(3, 32, 76, 15, 13),
(3, 32, 77, 15, 15),
(3, 32, 78, 15, 11),
(3, 32, 79, 15, 14),
(3, 32, 80, 15, 14),
(3, 32, 81, 15, 14),
(3, 32, 82, 15, 12),
(3, 32, 83, 15, 11),
(3, 32, 84, 15, 15),
(3, 32, 85, 15, 6),
(3, 32, 86, 15, 8),
(3, 32, 87, 15, 9),
(3, 32, 88, 15, 10),
(3, 32, 89, 15, 15),
(3, 32, 90, 15, 14),
(3, 32, 91, 15, 13),
(3, 32, 92, 15, 9),
(3, 32, 93, 15, 9),
(3, 32, 94, 15, 6),
(3, 32, 95, 15, 11),
(3, 32, 96, 15, 12),
(3, 32, 97, 15, 11),
(3, 32, 98, 15, 15),
(3, 32, 99, 15, 11),
(3, 32, 100, 15, 14),
(3, 32, 101, 15, 11),
(3, 32, 102, 15, 15),
(3, 32, 103, 15, 8),
(3, 32, 104, 15, 10),
(3, 32, 105, 15, 9),
(3, 32, 106, 15, 11),
(3, 32, 107, 15, 10),
(3, 32, 108, 15, 15),
(3, 32, 109, 15, 15),
(3, 28, 1, 3, 3),
(3, 28, 2, 3, 3),
(3, 28, 3, 3, 2),
(3, 28, 4, 3, 2),
(3, 28, 5, 3, 3),
(3, 28, 6, 3, 3),
(3, 28, 7, 3, 3),
(3, 28, 8, 3, 2),
(3, 28, 9, 3, 2),
(3, 28, 10, 3, 1),
(3, 28, 11, 3, 3),
(3, 28, 12, 3, 0),
(3, 28, 13, 3, 2),
(3, 28, 14, 3, 3),
(3, 28, 15, 3, 0),
(3, 28, 16, 3, 2),
(3, 28, 17, 3, 3),
(3, 28, 18, 3, 1),
(3, 28, 19, 3, 1),
(3, 28, 20, 3, 3),
(3, 28, 21, 3, 3),
(3, 28, 22, 3, 3),
(3, 28, 23, 3, 2),
(3, 28, 24, 3, 3),
(3, 28, 25, 3, 3),
(3, 28, 26, 3, 3),
(3, 28, 27, 3, 3),
(3, 28, 28, 3, 0),
(3, 28, 29, 3, 2),
(3, 28, 30, 3, 0),
(3, 28, 31, 3, 0),
(3, 28, 32, 3, 3),
(3, 28, 33, 3, 2),
(3, 28, 34, 3, 3),
(3, 28, 35, 3, 3),
(3, 28, 36, 3, 2),
(3, 28, 37, 3, 1),
(3, 28, 38, 3, 2),
(3, 28, 39, 3, 3),
(3, 28, 40, 3, 3),
(3, 28, 41, 3, 3),
(3, 28, 42, 3, 2),
(3, 28, 43, 3, 3),
(3, 28, 44, 3, 1),
(3, 28, 45, 3, 3),
(3, 28, 46, 3, 2),
(3, 28, 47, 3, 2),
(3, 28, 48, 3, 2),
(3, 28, 49, 3, 2),
(3, 28, 50, 3, 3),
(3, 28, 51, 3, 2),
(3, 28, 52, 3, 1),
(3, 28, 53, 3, 2),
(3, 28, 54, 3, 3),
(3, 28, 55, 3, 2),
(3, 28, 56, 3, 2),
(3, 38, 57, 3, 2),
(3, 38, 58, 3, 3),
(3, 38, 59, 3, 2),
(3, 38, 60, 3, 3),
(3, 38, 61, 3, 3),
(3, 38, 62, 3, 2),
(3, 38, 63, 3, 3),
(3, 38, 64, 3, 3),
(3, 38, 65, 3, 1),
(3, 38, 66, 3, 3),
(3, 38, 67, 3, 3),
(3, 38, 68, 3, 3),
(3, 38, 69, 3, 2),
(3, 38, 70, 3, 3),
(3, 38, 71, 3, 2),
(3, 38, 72, 3, 2),
(3, 38, 73, 3, 3),
(3, 38, 74, 3, 3),
(3, 38, 75, 3, 1),
(3, 38, 76, 3, 3),
(3, 38, 77, 3, 3),
(3, 38, 78, 3, 3),
(3, 38, 79, 3, 2),
(3, 38, 80, 3, 1),
(3, 38, 81, 3, 3),
(3, 38, 82, 3, 1),
(3, 38, 83, 3, 3),
(3, 38, 84, 3, 3),
(3, 38, 85, 3, 2),
(3, 38, 86, 3, 2),
(3, 38, 87, 3, 2),
(3, 38, 88, 3, 2),
(3, 38, 89, 3, 3),
(3, 38, 90, 3, 3),
(3, 38, 91, 3, 3),
(3, 38, 92, 3, 3),
(3, 38, 93, 3, 3),
(3, 38, 94, 3, 2),
(3, 38, 95, 3, 1),
(3, 38, 96, 3, 3),
(3, 38, 97, 3, 2),
(3, 38, 98, 3, 3),
(3, 38, 99, 3, 1),
(3, 38, 100, 3, 3),
(3, 38, 101, 3, 2),
(3, 38, 102, 3, 3),
(3, 38, 103, 3, 0),
(3, 38, 104, 3, 3),
(3, 38, 105, 3, 0),
(3, 38, 106, 3, 3),
(3, 38, 107, 3, 1),
(3, 38, 108, 3, 3),
(3, 38, 109, 3, 3),
(3, 23, 1, 13, 11),
(3, 23, 2, 13, 12),
(3, 23, 3, 13, 10),
(3, 23, 4, 13, 8),
(3, 23, 5, 13, 12),
(3, 23, 6, 13, 10),
(3, 23, 7, 13, 6),
(3, 23, 8, 13, 5),
(3, 23, 9, 13, 5),
(3, 23, 10, 13, 11),
(3, 23, 11, 13, 9),
(3, 23, 12, 13, 3),
(3, 23, 13, 13, 8),
(3, 23, 14, 13, 13),
(3, 23, 15, 13, 0),
(3, 23, 16, 13, 5),
(3, 23, 17, 13, 12),
(3, 23, 18, 13, 6),
(3, 23, 19, 13, 4),
(3, 23, 20, 13, 10),
(3, 23, 21, 13, 10),
(3, 23, 22, 13, 12),
(3, 23, 23, 13, 9),
(3, 23, 24, 13, 8),
(3, 23, 25, 13, 8),
(3, 23, 26, 13, 9),
(3, 23, 27, 13, 12),
(3, 23, 28, 13, 1),
(3, 23, 29, 13, 8),
(3, 23, 30, 13, 0),
(3, 23, 31, 13, 6),
(3, 23, 32, 13, 8),
(3, 23, 33, 13, 8),
(3, 23, 34, 13, 8),
(3, 23, 35, 13, 9),
(3, 23, 36, 13, 10),
(3, 23, 37, 13, 6),
(3, 23, 38, 13, 10),
(3, 23, 39, 13, 12),
(3, 23, 40, 13, 11),
(3, 23, 41, 13, 7),
(3, 23, 42, 13, 13),
(3, 23, 43, 13, 10),
(3, 23, 44, 13, 8),
(3, 23, 45, 13, 10),
(3, 23, 46, 13, 11),
(3, 23, 47, 13, 12),
(3, 23, 48, 13, 10),
(3, 23, 49, 13, 12),
(3, 23, 50, 13, 12),
(3, 23, 51, 13, 6),
(3, 23, 52, 13, 1),
(3, 23, 53, 13, 2),
(3, 23, 54, 13, 8),
(3, 23, 55, 13, 9),
(3, 23, 56, 13, 9),
(3, 33, 57, 11, 11),
(3, 33, 58, 11, 11),
(3, 33, 59, 11, 10),
(3, 33, 60, 11, 8),
(3, 33, 61, 11, 7),
(3, 33, 62, 11, 8),
(3, 33, 63, 11, 11),
(3, 33, 64, 11, 2),
(3, 33, 65, 11, 4),
(3, 33, 66, 11, 9),
(3, 33, 67, 11, 9),
(3, 33, 68, 11, 11),
(3, 33, 69, 11, 8),
(3, 33, 70, 11, 10),
(3, 33, 71, 11, 7),
(3, 33, 72, 11, 2),
(3, 33, 73, 11, 11),
(3, 33, 74, 11, 11),
(3, 33, 75, 11, 6),
(3, 33, 76, 11, 11),
(3, 33, 77, 11, 11),
(3, 33, 78, 11, 8),
(3, 33, 79, 11, 11),
(3, 33, 80, 11, 7),
(3, 33, 81, 11, 11),
(3, 33, 82, 11, 9),
(3, 33, 83, 11, 9),
(3, 33, 84, 11, 11),
(3, 33, 85, 11, 4),
(3, 33, 86, 11, 4),
(3, 33, 87, 11, 7),
(3, 33, 88, 11, 8),
(3, 33, 89, 11, 11),
(3, 33, 90, 11, 10),
(3, 33, 91, 11, 9),
(3, 33, 92, 11, 10),
(3, 33, 93, 11, 9),
(3, 33, 94, 11, 8),
(3, 33, 95, 11, 7),
(3, 33, 96, 11, 7),
(3, 33, 97, 11, 5),
(3, 33, 98, 11, 11),
(3, 33, 99, 11, 8),
(3, 33, 100, 11, 10),
(3, 33, 101, 11, 9),
(3, 33, 102, 11, 11),
(3, 33, 103, 11, 4),
(3, 33, 104, 11, 7),
(3, 33, 105, 11, 3),
(3, 33, 106, 11, 9),
(3, 33, 107, 11, 7),
(3, 33, 108, 11, 11),
(3, 33, 109, 11, 11),
(3, 27, 1, 2, 1),
(3, 27, 2, 2, 2),
(3, 27, 3, 2, 2),
(3, 27, 4, 2, 2),
(3, 27, 5, 2, 2),
(3, 27, 6, 2, 2),
(3, 27, 7, 2, 1),
(3, 27, 8, 2, 2),
(3, 27, 9, 2, 1),
(3, 27, 10, 2, 2),
(3, 27, 11, 2, 2),
(3, 27, 12, 2, 2),
(3, 27, 13, 2, 1),
(3, 27, 14, 2, 2),
(3, 27, 15, 2, 0),
(3, 27, 16, 2, 2),
(3, 27, 17, 2, 2),
(3, 27, 18, 2, 2),
(3, 27, 19, 2, 1),
(3, 27, 20, 2, 2),
(3, 27, 21, 2, 2),
(3, 27, 22, 2, 2),
(3, 27, 23, 2, 2),
(3, 27, 24, 2, 2),
(3, 27, 25, 2, 1),
(3, 27, 26, 2, 2),
(3, 27, 27, 2, 2),
(3, 27, 28, 2, 0),
(3, 27, 29, 2, 2),
(3, 27, 30, 2, 0),
(3, 27, 31, 2, 1),
(3, 27, 32, 2, 2),
(3, 27, 33, 2, 2),
(3, 27, 34, 2, 2),
(3, 27, 35, 2, 2),
(3, 27, 36, 2, 1),
(3, 27, 37, 2, 2),
(3, 27, 38, 2, 2),
(3, 27, 39, 2, 0),
(3, 27, 40, 2, 2),
(3, 27, 41, 2, 0),
(3, 27, 42, 2, 2),
(3, 27, 43, 2, 2),
(3, 27, 44, 2, 2),
(3, 27, 45, 2, 2),
(3, 27, 46, 2, 2),
(3, 27, 47, 2, 2),
(3, 27, 48, 2, 2),
(3, 27, 49, 2, 2),
(3, 27, 50, 2, 2),
(3, 27, 51, 2, 2),
(3, 27, 52, 2, 1),
(3, 27, 53, 2, 2),
(3, 27, 54, 2, 1),
(3, 27, 55, 2, 2),
(3, 27, 56, 2, 2),
(3, 37, 57, 2, 2),
(3, 37, 58, 2, 2),
(3, 37, 59, 2, 2),
(3, 37, 60, 2, 0),
(3, 37, 61, 2, 2),
(3, 37, 62, 2, 1),
(3, 37, 63, 2, 1),
(3, 37, 64, 2, 0),
(3, 37, 65, 2, 1),
(3, 37, 66, 2, 1),
(3, 37, 67, 2, 1),
(3, 37, 68, 2, 2),
(3, 37, 69, 2, 2),
(3, 37, 70, 2, 2),
(3, 37, 71, 2, 1),
(3, 37, 72, 2, 1),
(3, 37, 73, 2, 2),
(3, 37, 74, 2, 2),
(3, 37, 75, 2, 1),
(3, 37, 76, 2, 0),
(3, 37, 77, 2, 2),
(3, 37, 78, 2, 2),
(3, 37, 79, 2, 2),
(3, 37, 80, 2, 2),
(3, 37, 81, 2, 2),
(3, 37, 82, 2, 2),
(3, 37, 83, 2, 2),
(3, 37, 84, 2, 2),
(3, 37, 85, 2, 1),
(3, 37, 86, 2, 1),
(3, 37, 87, 2, 1),
(3, 37, 88, 2, 2),
(3, 37, 89, 2, 2),
(3, 37, 90, 2, 1),
(3, 37, 91, 2, 2),
(3, 37, 92, 2, 1),
(3, 37, 93, 2, 1),
(3, 37, 94, 2, 1),
(3, 37, 95, 2, 1),
(3, 37, 96, 2, 2),
(3, 37, 97, 2, 2),
(3, 37, 98, 2, 2),
(3, 37, 99, 2, 1),
(3, 37, 100, 2, 2),
(3, 37, 101, 2, 1),
(3, 37, 102, 2, 2),
(3, 37, 103, 2, 0),
(3, 37, 104, 2, 2),
(3, 37, 105, 2, 1),
(3, 37, 106, 2, 2),
(3, 37, 107, 2, 0),
(3, 37, 108, 2, 2),
(3, 37, 109, 2, 2),
(3, 25, 1, 15, 12),
(3, 25, 2, 15, 13),
(3, 25, 3, 15, 15),
(3, 25, 4, 15, 13),
(3, 25, 5, 15, 15),
(3, 25, 6, 15, 14),
(3, 25, 7, 15, 5),
(3, 25, 8, 15, 7),
(3, 25, 9, 15, 8),
(3, 25, 10, 15, 13),
(3, 25, 11, 15, 13),
(3, 25, 12, 15, 5),
(3, 25, 13, 15, 10),
(3, 25, 14, 15, 15),
(3, 25, 15, 15, 0),
(3, 25, 16, 15, 8),
(3, 25, 17, 15, 15),
(3, 25, 18, 15, 3),
(3, 25, 19, 15, 9),
(3, 25, 20, 15, 11),
(3, 25, 21, 15, 9),
(3, 25, 22, 15, 14),
(3, 25, 23, 15, 9),
(3, 25, 24, 15, 8),
(3, 25, 25, 15, 10),
(3, 25, 26, 15, 13),
(3, 25, 27, 15, 15),
(3, 25, 28, 15, 2),
(3, 25, 29, 15, 10),
(3, 25, 30, 15, 0),
(3, 25, 31, 15, 5),
(3, 25, 32, 15, 11),
(3, 25, 33, 15, 11),
(3, 25, 34, 15, 13),
(3, 25, 35, 15, 15),
(3, 25, 36, 15, 11),
(3, 25, 37, 15, 8),
(3, 25, 38, 15, 10),
(3, 25, 39, 15, 15),
(3, 25, 40, 15, 13),
(3, 25, 41, 15, 10),
(3, 25, 42, 15, 15),
(3, 25, 43, 15, 14),
(3, 25, 44, 15, 14),
(3, 25, 45, 15, 10),
(3, 25, 46, 15, 14),
(3, 25, 47, 15, 14),
(3, 25, 48, 15, 13),
(3, 25, 49, 15, 15),
(3, 25, 50, 15, 11),
(3, 25, 51, 15, 9),
(3, 25, 52, 15, 1),
(3, 25, 53, 15, 4),
(3, 25, 54, 15, 10),
(3, 25, 55, 15, 11),
(3, 25, 56, 15, 12),
(3, 35, 57, 14, 14),
(3, 35, 58, 14, 14),
(3, 35, 59, 14, 11),
(3, 35, 60, 14, 8),
(3, 35, 61, 14, 12),
(3, 35, 62, 14, 6),
(3, 35, 63, 14, 13),
(3, 35, 64, 14, 4),
(3, 35, 65, 14, 3),
(3, 35, 66, 14, 10),
(3, 35, 67, 14, 9),
(3, 35, 68, 14, 14),
(3, 35, 69, 14, 11),
(3, 35, 70, 14, 13),
(3, 35, 71, 14, 7),
(3, 35, 72, 14, 2),
(3, 35, 73, 14, 14),
(3, 35, 74, 14, 14),
(3, 35, 75, 14, 6),
(3, 35, 76, 14, 12),
(3, 35, 77, 14, 12),
(3, 35, 78, 14, 10),
(3, 35, 79, 14, 14),
(3, 35, 80, 14, 12),
(3, 35, 81, 14, 12),
(3, 35, 82, 14, 10),
(3, 35, 83, 14, 13),
(3, 35, 84, 14, 13),
(3, 35, 85, 14, 5),
(3, 35, 86, 14, 4),
(3, 35, 87, 14, 5),
(3, 35, 88, 14, 11),
(3, 35, 89, 14, 14),
(3, 35, 90, 14, 12),
(3, 35, 91, 14, 11),
(3, 35, 92, 14, 9),
(3, 35, 93, 14, 9),
(3, 35, 94, 14, 5),
(3, 35, 95, 14, 10),
(3, 35, 96, 14, 11),
(3, 35, 97, 14, 9),
(3, 35, 98, 14, 13),
(3, 35, 99, 14, 9),
(3, 35, 100, 14, 13),
(3, 35, 101, 14, 12),
(3, 35, 102, 14, 14),
(3, 35, 103, 14, 5),
(3, 35, 104, 14, 7),
(3, 35, 105, 14, 5),
(3, 35, 106, 14, 9),
(3, 35, 107, 14, 6),
(3, 35, 108, 14, 13),
(3, 35, 109, 14, 14),
(3, 30, 1, 3, 2),
(3, 30, 2, 3, 2),
(3, 30, 3, 3, 2),
(3, 30, 4, 3, 3),
(3, 30, 5, 3, 3),
(3, 30, 6, 3, 3),
(3, 30, 7, 3, 1),
(3, 30, 8, 3, 1),
(3, 30, 9, 3, 1),
(3, 30, 10, 3, 2),
(3, 30, 11, 3, 3),
(3, 30, 12, 3, 1),
(3, 30, 13, 3, 2),
(3, 30, 14, 3, 3),
(3, 30, 15, 3, 0),
(3, 30, 16, 3, 3),
(3, 30, 17, 3, 3),
(3, 30, 18, 3, 2),
(3, 30, 19, 3, 2),
(3, 30, 20, 3, 3),
(3, 30, 21, 3, 2),
(3, 30, 22, 3, 3),
(3, 30, 23, 3, 2),
(3, 30, 24, 3, 3),
(3, 30, 25, 3, 1),
(3, 30, 26, 3, 2),
(3, 30, 27, 3, 3),
(3, 30, 28, 3, 0),
(3, 30, 29, 3, 1),
(3, 30, 30, 3, 0),
(3, 30, 31, 3, 2),
(3, 30, 32, 3, 3),
(3, 30, 33, 3, 2),
(3, 30, 34, 3, 3),
(3, 30, 35, 3, 3),
(3, 30, 36, 3, 3),
(3, 30, 37, 3, 2),
(3, 30, 38, 3, 3),
(3, 30, 39, 3, 3),
(3, 30, 40, 3, 3),
(3, 30, 41, 3, 3),
(3, 30, 42, 3, 2),
(3, 30, 43, 3, 3),
(3, 30, 44, 3, 3),
(3, 30, 45, 3, 3),
(3, 30, 46, 3, 2),
(3, 30, 47, 3, 2),
(3, 30, 48, 3, 2),
(3, 30, 49, 3, 3),
(3, 30, 50, 3, 3),
(3, 30, 51, 3, 1),
(3, 30, 52, 3, 0),
(3, 30, 53, 3, 0),
(3, 30, 54, 3, 1),
(3, 30, 55, 3, 1),
(3, 30, 56, 3, 2),
(3, 40, 57, 3, 2),
(3, 40, 58, 3, 3),
(3, 40, 59, 3, 2),
(3, 40, 60, 3, 1),
(3, 40, 61, 3, 2),
(3, 40, 62, 3, 3),
(3, 40, 63, 3, 3),
(3, 40, 64, 3, 1),
(3, 40, 65, 3, 1),
(3, 40, 66, 3, 1),
(3, 40, 67, 3, 3),
(3, 40, 68, 3, 3),
(3, 40, 69, 3, 3),
(3, 40, 70, 3, 3),
(3, 40, 71, 3, 2),
(3, 40, 72, 3, 3),
(3, 40, 73, 3, 3),
(3, 40, 74, 3, 3),
(3, 40, 75, 3, 3),
(3, 40, 76, 3, 2),
(3, 40, 77, 3, 3),
(3, 40, 78, 3, 2),
(3, 40, 79, 3, 3),
(3, 40, 80, 3, 2),
(3, 40, 81, 3, 3),
(3, 40, 82, 3, 3),
(3, 40, 83, 3, 3),
(3, 40, 84, 3, 3),
(3, 40, 85, 3, 1),
(3, 40, 86, 3, 2),
(3, 40, 87, 3, 2),
(3, 40, 88, 3, 3),
(3, 40, 89, 3, 3),
(3, 40, 90, 3, 3),
(3, 40, 91, 3, 3),
(3, 40, 92, 3, 3),
(3, 40, 93, 3, 3),
(3, 40, 94, 3, 3),
(3, 40, 95, 3, 1),
(3, 40, 96, 3, 3),
(3, 40, 97, 3, 3),
(3, 40, 98, 3, 3),
(3, 40, 99, 3, 1),
(3, 40, 100, 3, 3),
(3, 40, 101, 3, 3),
(3, 40, 102, 3, 3),
(3, 40, 103, 3, 1),
(3, 40, 104, 3, 3),
(3, 40, 105, 3, 1),
(3, 40, 106, 3, 3),
(3, 40, 107, 3, 2),
(3, 40, 108, 3, 3),
(3, 40, 109, 3, 3),
(3, 26, 1, 14, 9),
(3, 26, 2, 14, 12),
(3, 26, 3, 14, 11),
(3, 26, 4, 14, 11),
(3, 26, 5, 14, 13),
(3, 26, 6, 14, 9),
(3, 26, 7, 14, 5),
(3, 26, 8, 14, 8),
(3, 26, 9, 14, 6),
(3, 26, 10, 14, 12),
(3, 26, 11, 14, 10),
(3, 26, 12, 14, 0),
(3, 26, 13, 14, 8),
(3, 26, 14, 14, 14),
(3, 26, 15, 14, 1),
(3, 26, 16, 14, 9),
(3, 26, 17, 14, 12),
(3, 26, 18, 14, 3),
(3, 26, 19, 14, 7),
(3, 26, 20, 14, 12),
(3, 26, 21, 14, 10),
(3, 26, 22, 14, 13),
(3, 26, 23, 14, 11),
(3, 26, 24, 14, 9),
(3, 26, 25, 14, 12),
(3, 26, 26, 14, 10),
(3, 26, 27, 14, 12),
(3, 26, 28, 14, 1),
(3, 26, 29, 14, 11),
(3, 26, 30, 14, 0),
(3, 26, 31, 14, 4),
(3, 26, 32, 14, 11),
(3, 26, 33, 14, 11),
(3, 26, 34, 14, 9),
(3, 26, 35, 14, 12),
(3, 26, 36, 14, 9),
(3, 26, 37, 14, 8),
(3, 26, 38, 14, 9),
(3, 26, 39, 14, 7),
(3, 26, 40, 14, 11),
(3, 26, 41, 14, 6),
(3, 26, 42, 14, 12),
(3, 26, 43, 14, 8),
(3, 26, 44, 14, 11),
(3, 26, 45, 14, 6),
(3, 26, 46, 14, 10),
(3, 26, 47, 14, 14),
(3, 26, 48, 14, 12),
(3, 26, 49, 14, 12),
(3, 26, 50, 14, 11),
(3, 26, 51, 14, 9),
(3, 26, 52, 14, 3),
(3, 26, 53, 14, 3),
(3, 26, 54, 14, 9),
(3, 26, 55, 14, 9),
(3, 26, 56, 14, 11),
(3, 36, 57, 14, 11),
(3, 36, 58, 14, 13),
(3, 36, 59, 14, 11),
(3, 36, 60, 14, 4),
(3, 36, 61, 14, 11),
(3, 36, 62, 14, 8),
(3, 36, 63, 14, 12),
(3, 36, 64, 14, 6),
(3, 36, 65, 14, 6),
(3, 36, 66, 14, 10),
(3, 36, 67, 14, 9),
(3, 36, 68, 14, 11),
(3, 36, 69, 14, 11),
(3, 36, 70, 14, 13),
(3, 36, 71, 14, 9),
(3, 36, 72, 14, 3),
(3, 36, 73, 14, 12),
(3, 36, 74, 14, 14),
(3, 36, 75, 14, 1),
(3, 36, 76, 14, 11),
(3, 36, 77, 14, 14),
(3, 36, 78, 14, 9),
(3, 36, 79, 14, 3),
(3, 36, 80, 14, 9),
(3, 36, 81, 14, 12),
(3, 36, 82, 14, 6),
(3, 36, 83, 14, 10),
(3, 36, 84, 14, 12),
(3, 36, 85, 14, 7),
(3, 36, 86, 14, 8),
(3, 36, 87, 14, 8),
(3, 36, 88, 14, 11),
(3, 36, 89, 14, 13),
(3, 36, 90, 14, 12),
(3, 36, 91, 14, 14),
(3, 36, 92, 14, 7),
(3, 36, 93, 14, 6),
(3, 36, 94, 14, 6),
(3, 36, 95, 14, 9),
(3, 36, 96, 14, 5),
(3, 36, 97, 14, 5),
(3, 36, 98, 14, 11),
(3, 36, 99, 14, 9),
(3, 36, 100, 14, 10),
(3, 36, 101, 14, 12),
(3, 36, 102, 14, 13),
(3, 36, 103, 14, 5),
(3, 36, 104, 14, 13),
(3, 36, 105, 14, 3),
(3, 36, 106, 14, 9),
(3, 36, 107, 14, 3),
(3, 36, 108, 14, 12),
(3, 36, 109, 14, 14),
(3, 24, 1, 11, 9),
(3, 24, 2, 11, 10),
(3, 24, 3, 11, 9),
(3, 24, 4, 11, 10),
(3, 24, 5, 11, 10),
(3, 24, 6, 11, 8),
(3, 24, 7, 11, 5),
(3, 24, 8, 11, 5),
(3, 24, 9, 11, 3),
(3, 24, 10, 11, 10),
(3, 24, 11, 11, 9),
(3, 24, 12, 11, 3),
(3, 24, 13, 11, 4),
(3, 24, 14, 11, 11),
(3, 24, 15, 11, 0),
(3, 24, 16, 11, 7),
(3, 24, 17, 11, 10),
(3, 24, 18, 11, 3),
(3, 24, 19, 11, 6),
(3, 24, 20, 11, 9),
(3, 24, 21, 11, 6),
(3, 24, 22, 11, 11),
(3, 24, 23, 11, 7),
(3, 24, 24, 11, 4),
(3, 24, 25, 11, 7),
(3, 24, 26, 11, 7),
(3, 24, 27, 11, 11),
(3, 24, 28, 11, 1),
(3, 24, 29, 11, 9),
(3, 24, 30, 11, 0),
(3, 24, 31, 11, 2),
(3, 24, 32, 11, 6),
(3, 24, 33, 11, 7),
(3, 24, 34, 11, 8),
(3, 24, 35, 11, 9),
(3, 24, 36, 11, 6),
(3, 24, 37, 11, 4),
(3, 24, 38, 11, 5),
(3, 24, 39, 11, 8),
(3, 24, 40, 11, 11),
(3, 24, 41, 11, 3),
(3, 24, 42, 11, 11),
(3, 24, 43, 11, 8),
(3, 24, 44, 11, 8),
(3, 24, 45, 11, 7),
(3, 24, 46, 11, 9),
(3, 24, 47, 11, 11),
(3, 24, 48, 11, 8),
(3, 24, 49, 11, 10),
(3, 24, 50, 11, 9),
(3, 24, 51, 11, 6),
(3, 24, 52, 11, 2),
(3, 24, 53, 11, 3),
(3, 24, 54, 11, 5),
(3, 24, 55, 11, 7),
(3, 24, 56, 11, 9),
(3, 34, 57, 15, 14),
(3, 34, 58, 15, 15),
(3, 34, 59, 15, 13),
(3, 34, 60, 15, 6),
(3, 34, 61, 15, 14),
(3, 34, 62, 15, 11),
(3, 34, 63, 15, 13),
(3, 34, 64, 15, 5),
(3, 34, 65, 15, 8),
(3, 34, 66, 15, 12),
(3, 34, 67, 15, 12),
(3, 34, 68, 15, 13),
(3, 34, 69, 15, 12),
(3, 34, 70, 15, 15),
(3, 34, 71, 15, 9),
(3, 34, 72, 15, 4),
(3, 34, 73, 15, 14),
(3, 34, 74, 15, 15),
(3, 34, 75, 15, 2),
(3, 34, 76, 15, 12),
(3, 34, 77, 15, 15),
(3, 34, 78, 15, 10),
(3, 34, 79, 15, 14),
(3, 34, 80, 15, 11),
(3, 34, 81, 15, 15),
(3, 34, 82, 15, 11),
(3, 34, 83, 15, 14),
(3, 34, 84, 15, 13),
(3, 34, 85, 15, 5),
(3, 34, 86, 15, 9),
(3, 34, 87, 15, 10),
(3, 34, 88, 15, 12),
(3, 34, 89, 15, 15),
(3, 34, 90, 15, 13),
(3, 34, 91, 15, 15),
(3, 34, 92, 15, 9),
(3, 34, 93, 15, 10),
(3, 34, 94, 15, 7),
(3, 34, 95, 15, 12),
(3, 34, 96, 15, 13),
(3, 34, 97, 15, 8),
(3, 34, 98, 15, 15),
(3, 34, 99, 15, 12),
(3, 34, 100, 15, 13),
(3, 34, 101, 15, 13),
(3, 34, 102, 15, 14),
(3, 34, 103, 15, 4),
(3, 34, 104, 15, 11),
(3, 34, 105, 15, 7),
(3, 34, 106, 15, 11),
(3, 34, 107, 15, 5),
(3, 34, 108, 15, 14),
(3, 34, 109, 15, 15),
(3, 29, 1, 7, 3),
(3, 29, 2, 7, 5),
(3, 29, 3, 7, 7),
(3, 29, 4, 7, 7),
(3, 29, 5, 7, 6),
(3, 29, 6, 7, 6),
(3, 29, 7, 7, 2),
(3, 29, 8, 7, 5),
(3, 29, 9, 7, 4),
(3, 29, 10, 7, 4),
(3, 29, 11, 7, 6),
(3, 29, 12, 7, 2),
(3, 29, 13, 7, 4),
(3, 29, 14, 7, 7),
(3, 29, 15, 7, 0),
(3, 29, 16, 7, 5),
(3, 29, 17, 7, 5),
(3, 29, 18, 7, 5),
(3, 29, 19, 7, 3),
(3, 29, 20, 7, 6),
(3, 29, 21, 7, 5),
(3, 29, 22, 7, 7),
(3, 29, 23, 7, 4),
(3, 29, 24, 7, 5),
(3, 29, 25, 7, 5),
(3, 29, 26, 7, 4),
(3, 29, 27, 7, 5),
(3, 29, 28, 7, 0),
(3, 29, 29, 7, 5),
(3, 29, 30, 7, 0),
(3, 29, 31, 7, 1),
(3, 29, 32, 7, 4),
(3, 29, 33, 7, 5),
(3, 29, 34, 7, 5),
(3, 29, 35, 7, 6),
(3, 29, 36, 7, 5),
(3, 29, 37, 7, 3),
(3, 29, 38, 7, 5),
(3, 29, 39, 7, 4),
(3, 29, 40, 7, 5),
(3, 29, 41, 7, 3),
(3, 29, 42, 7, 4),
(3, 29, 43, 7, 6),
(3, 29, 44, 7, 3),
(3, 29, 45, 7, 6),
(3, 29, 46, 7, 6),
(3, 29, 47, 7, 5),
(3, 29, 48, 7, 6),
(3, 29, 49, 7, 6),
(3, 29, 50, 7, 4),
(3, 29, 51, 7, 3),
(3, 29, 52, 7, 1),
(3, 29, 53, 7, 1),
(3, 29, 54, 7, 3),
(3, 29, 55, 7, 1),
(3, 29, 56, 7, 6),
(3, 39, 57, 6, 6),
(3, 39, 58, 6, 5),
(3, 39, 59, 6, 4),
(3, 39, 60, 6, 4),
(3, 39, 61, 6, 5),
(3, 39, 62, 6, 4),
(3, 39, 63, 6, 5),
(3, 39, 64, 6, 2),
(3, 39, 65, 6, 2),
(3, 39, 66, 6, 3),
(3, 39, 67, 6, 5),
(3, 39, 68, 6, 6),
(3, 39, 69, 6, 5),
(3, 39, 70, 6, 5),
(3, 39, 71, 6, 1),
(3, 39, 72, 6, 2),
(3, 39, 73, 6, 6),
(3, 39, 74, 6, 6),
(3, 39, 75, 6, 0),
(3, 39, 76, 6, 5),
(3, 39, 77, 6, 5),
(3, 39, 78, 6, 3),
(3, 39, 79, 6, 6),
(3, 39, 80, 6, 4),
(3, 39, 81, 6, 5),
(3, 39, 82, 6, 4),
(3, 39, 83, 6, 3),
(3, 39, 84, 6, 6),
(3, 39, 85, 6, 2),
(3, 39, 86, 6, 3),
(3, 39, 87, 6, 5),
(3, 39, 88, 6, 4),
(3, 39, 89, 6, 6),
(3, 39, 90, 6, 5),
(3, 39, 91, 6, 6),
(3, 39, 92, 6, 3),
(3, 39, 93, 6, 3),
(3, 39, 94, 6, 3),
(3, 39, 95, 6, 5),
(3, 39, 96, 6, 5),
(3, 39, 97, 6, 5),
(3, 39, 98, 6, 5),
(3, 39, 99, 6, 3),
(3, 39, 100, 6, 5),
(3, 39, 101, 6, 6),
(3, 39, 102, 6, 6),
(3, 39, 103, 6, 2),
(3, 39, 104, 6, 4),
(3, 39, 105, 6, 3),
(3, 39, 106, 6, 3),
(3, 39, 107, 6, 2),
(3, 39, 108, 6, 5),
(3, 39, 109, 6, 6),
(3, 21, 1, 17, 12),
(3, 21, 2, 17, 12),
(3, 21, 3, 17, 13),
(3, 21, 4, 17, 10),
(3, 21, 5, 17, 14),
(3, 21, 6, 17, 10),
(3, 21, 7, 17, 6),
(3, 21, 8, 17, 7),
(3, 21, 9, 17, 6),
(3, 21, 10, 17, 10),
(3, 21, 11, 17, 13),
(3, 21, 12, 17, 4),
(3, 21, 13, 17, 5),
(3, 21, 14, 17, 13),
(3, 21, 15, 17, 2),
(3, 21, 16, 17, 9),
(3, 21, 17, 17, 14),
(3, 21, 18, 17, 7),
(3, 21, 19, 17, 5),
(3, 21, 20, 17, 12),
(3, 21, 21, 17, 9),
(3, 21, 22, 17, 12),
(3, 21, 23, 17, 10),
(3, 21, 24, 17, 7),
(3, 21, 25, 17, 9),
(3, 21, 26, 17, 13),
(3, 21, 27, 17, 13),
(3, 21, 28, 17, 0),
(3, 21, 29, 17, 12),
(3, 21, 30, 17, 0),
(3, 21, 31, 17, 6),
(3, 21, 32, 17, 5),
(3, 21, 33, 17, 13),
(3, 21, 34, 17, 14),
(3, 21, 35, 17, 11),
(3, 21, 36, 17, 9),
(3, 21, 37, 17, 8),
(3, 21, 38, 17, 10),
(3, 21, 39, 17, 13),
(3, 21, 40, 17, 13),
(3, 21, 41, 17, 3),
(3, 21, 42, 17, 12),
(3, 21, 43, 17, 10),
(3, 21, 44, 17, 12),
(3, 21, 45, 17, 10),
(3, 21, 46, 17, 12),
(3, 21, 47, 17, 13),
(3, 21, 48, 17, 12),
(3, 21, 49, 17, 13),
(3, 21, 50, 17, 13),
(3, 21, 51, 17, 6),
(3, 21, 52, 17, 4),
(3, 21, 53, 17, 6),
(3, 21, 54, 17, 7),
(3, 21, 55, 17, 9),
(3, 21, 56, 17, 15),
(4, 34, 57, 7, 7),
(4, 34, 58, 7, 4),
(4, 34, 59, 7, 3),
(4, 34, 60, 7, 2),
(4, 34, 61, 7, 4),
(4, 34, 62, 7, 2),
(4, 34, 63, 7, 2),
(4, 34, 64, 7, 4),
(4, 34, 65, 7, 0),
(4, 34, 66, 7, 7),
(4, 34, 67, 7, 2),
(4, 34, 68, 7, 7),
(4, 34, 69, 7, 7),
(4, 34, 70, 7, 7),
(4, 34, 71, 7, 4),
(4, 34, 72, 7, 0),
(4, 34, 73, 7, 8),
(4, 34, 74, 7, 4),
(4, 34, 75, 7, 4),
(4, 34, 76, 7, 4),
(4, 34, 77, 7, 7),
(4, 34, 78, 7, 7),
(4, 34, 79, 7, 7),
(4, 34, 80, 7, 5),
(4, 34, 81, 7, 7),
(4, 34, 82, 7, 4),
(4, 34, 83, 7, 7),
(4, 34, 84, 7, 4),
(4, 34, 85, 7, 4),
(4, 34, 86, 7, 0),
(4, 34, 87, 7, 7),
(4, 34, 88, 7, 7),
(4, 34, 89, 7, 3),
(4, 34, 90, 7, 7),
(4, 34, 91, 7, 7),
(4, 34, 92, 7, 5),
(4, 34, 93, 7, 5),
(4, 34, 94, 7, 2),
(4, 34, 95, 7, 5),
(4, 34, 96, 7, 7),
(4, 34, 97, 7, 5),
(4, 34, 98, 7, 5),
(4, 34, 99, 7, 2),
(4, 34, 100, 7, 4),
(4, 34, 101, 7, 5),
(4, 34, 102, 7, 4),
(4, 34, 103, 7, 0),
(4, 34, 104, 7, 7),
(4, 34, 105, 7, 4),
(4, 34, 106, 7, 5),
(4, 34, 107, 7, 0),
(4, 34, 108, 7, 4),
(4, 34, 109, 7, 7),
(4, 39, 57, 0, 0),
(4, 39, 58, 0, 0),
(4, 39, 59, 0, 0),
(4, 39, 60, 0, 0),
(4, 39, 61, 0, 0),
(4, 39, 62, 0, 0),
(4, 39, 63, 0, 0),
(4, 39, 64, 0, 0),
(4, 39, 65, 0, 0),
(4, 39, 66, 0, 0),
(4, 39, 67, 0, 0),
(4, 39, 68, 0, 0),
(4, 39, 69, 0, 0),
(4, 39, 70, 0, 0),
(4, 39, 71, 0, 0),
(4, 39, 72, 0, 0),
(4, 39, 73, 0, 0),
(4, 39, 74, 0, 0),
(4, 39, 75, 0, 0),
(4, 39, 76, 0, 0),
(4, 39, 77, 0, 0),
(4, 39, 78, 0, 0),
(4, 39, 79, 0, 0),
(4, 39, 80, 0, 0),
(4, 39, 81, 0, 0),
(4, 39, 82, 0, 0),
(4, 39, 83, 0, 0),
(4, 39, 84, 0, 0),
(4, 39, 85, 0, 0),
(4, 39, 86, 0, 0),
(4, 39, 87, 0, 0),
(4, 39, 88, 0, 0),
(4, 39, 89, 0, 0),
(4, 39, 90, 0, 0),
(4, 39, 91, 0, 0),
(4, 39, 92, 0, 0),
(4, 39, 93, 0, 0),
(4, 39, 94, 0, 0),
(4, 39, 95, 0, 0),
(4, 39, 96, 0, 0),
(4, 39, 97, 0, 0),
(4, 39, 98, 0, 0),
(4, 39, 99, 0, 0),
(4, 39, 100, 0, 0),
(4, 39, 101, 0, 0),
(4, 39, 102, 0, 0),
(4, 39, 103, 0, 0),
(4, 39, 104, 0, 0),
(4, 39, 105, 0, 0),
(4, 39, 106, 0, 0),
(4, 39, 107, 0, 0),
(4, 39, 108, 0, 0),
(4, 39, 109, 0, 0),
(4, 24, 1, 7, 4),
(4, 24, 2, 7, 5),
(4, 24, 3, 7, 2),
(4, 24, 4, 7, 6),
(4, 24, 5, 7, 6),
(4, 24, 6, 7, 4),
(4, 24, 7, 7, 0),
(4, 24, 8, 7, 2),
(4, 24, 9, 7, 6),
(4, 24, 10, 7, 7),
(4, 24, 11, 7, 7),
(4, 24, 12, 7, 0),
(4, 24, 13, 7, 7),
(4, 24, 14, 7, 6),
(4, 24, 15, 7, 0),
(4, 24, 16, 7, 4),
(4, 24, 17, 7, 6),
(4, 24, 18, 7, 2),
(4, 24, 19, 7, 4),
(4, 24, 20, 7, 7),
(4, 24, 21, 7, 7),
(4, 24, 22, 7, 6),
(4, 24, 23, 7, 1),
(4, 24, 24, 7, 6),
(4, 24, 25, 7, 6),
(4, 24, 26, 7, 4),
(4, 24, 27, 7, 7),
(4, 24, 28, 7, 2),
(4, 24, 29, 7, 4),
(4, 24, 30, 7, 0),
(4, 24, 31, 7, 0),
(4, 24, 32, 7, 4),
(4, 24, 33, 7, 6),
(4, 24, 34, 7, 7),
(4, 24, 35, 7, 7),
(4, 24, 36, 7, 6),
(4, 24, 37, 7, 6),
(4, 24, 38, 7, 6),
(4, 24, 39, 7, 7),
(4, 24, 40, 7, 1),
(4, 24, 41, 7, 6),
(4, 24, 42, 7, 6),
(4, 24, 43, 7, 4),
(4, 24, 44, 7, 7),
(4, 24, 45, 7, 6),
(4, 24, 46, 7, 6),
(4, 24, 47, 7, 4),
(4, 24, 48, 7, 4),
(4, 24, 49, 7, 5),
(4, 24, 50, 7, 7),
(4, 24, 51, 7, 2),
(4, 24, 52, 7, 0),
(4, 32, 57, 6, 5),
(4, 32, 58, 6, 5),
(4, 32, 59, 6, 5),
(4, 32, 60, 6, 2),
(4, 32, 61, 6, 4),
(4, 32, 62, 6, 5),
(4, 32, 63, 6, 2),
(4, 32, 64, 6, 4),
(4, 32, 65, 6, 0),
(4, 32, 66, 6, 2),
(4, 32, 67, 6, 4),
(4, 32, 68, 6, 3),
(4, 32, 69, 6, 6),
(4, 32, 70, 6, 5),
(4, 32, 71, 6, 2),
(4, 32, 72, 6, 1),
(4, 32, 73, 6, 5),
(4, 32, 74, 6, 5),
(4, 32, 75, 6, 0),
(4, 32, 76, 6, 4),
(4, 32, 77, 6, 6),
(4, 32, 78, 6, 4),
(4, 32, 79, 6, 6),
(4, 32, 80, 6, 6),
(4, 32, 81, 6, 6),
(4, 32, 82, 6, 3),
(4, 32, 83, 6, 3),
(4, 32, 84, 6, 5),
(4, 32, 85, 6, 0),
(4, 32, 86, 6, 2),
(4, 32, 87, 6, 3),
(4, 32, 88, 6, 5),
(4, 32, 89, 6, 6),
(4, 32, 90, 6, 6),
(4, 32, 91, 6, 6),
(4, 32, 92, 6, 1),
(4, 32, 93, 6, 5),
(4, 32, 94, 6, 2),
(4, 32, 95, 6, 4),
(4, 32, 96, 6, 5),
(4, 32, 97, 6, 0),
(4, 32, 98, 6, 6),
(4, 32, 99, 6, 4),
(4, 32, 100, 6, 5),
(4, 32, 101, 6, 5),
(4, 32, 102, 6, 5),
(4, 32, 103, 6, 1),
(4, 32, 104, 6, 1),
(4, 32, 105, 6, 4),
(4, 32, 106, 6, 3),
(4, 32, 107, 6, 0),
(4, 32, 108, 6, 6),
(4, 32, 109, 6, 6),
(4, 26, 1, 3, 2),
(4, 26, 2, 3, 3),
(4, 26, 3, 3, 1),
(4, 26, 4, 3, 3),
(4, 26, 5, 3, 3),
(4, 26, 6, 3, 2),
(4, 26, 7, 3, 0),
(4, 26, 8, 3, 2),
(4, 26, 9, 3, 0),
(4, 26, 10, 3, 2),
(4, 26, 11, 3, 1),
(4, 26, 12, 3, 0),
(4, 26, 13, 3, 3),
(4, 26, 14, 3, 3),
(4, 26, 15, 3, 0),
(4, 26, 16, 3, 3),
(4, 26, 17, 3, 2),
(4, 26, 18, 3, 2),
(4, 26, 19, 3, 0),
(4, 26, 20, 3, 3),
(4, 26, 21, 3, 3),
(4, 26, 22, 3, 2),
(4, 26, 23, 3, 0),
(4, 26, 24, 3, 2),
(4, 26, 25, 3, 3),
(4, 26, 26, 3, 2),
(4, 26, 27, 3, 2),
(4, 26, 28, 3, 0),
(4, 26, 29, 3, 2),
(4, 26, 30, 3, 0),
(4, 26, 31, 3, 1),
(4, 26, 32, 3, 2),
(4, 26, 33, 3, 2),
(4, 26, 34, 3, 2),
(4, 26, 35, 3, 2),
(4, 26, 36, 3, 3),
(4, 26, 37, 3, 3),
(4, 26, 38, 3, 3),
(4, 26, 39, 3, 2),
(4, 26, 40, 3, 2),
(4, 26, 41, 3, 2),
(4, 26, 42, 3, 2),
(4, 26, 43, 3, 2),
(4, 26, 44, 3, 1),
(4, 26, 45, 3, 1),
(4, 26, 46, 3, 3),
(4, 26, 47, 3, 2),
(4, 26, 48, 3, 1),
(4, 26, 49, 3, 2),
(4, 26, 50, 3, 3),
(4, 26, 51, 3, 0),
(4, 26, 52, 3, 1),
(4, 26, 53, 3, 0),
(4, 26, 54, 3, 2),
(4, 26, 55, 3, 1),
(4, 26, 56, 3, 2),
(4, 36, 57, 3, 2),
(4, 36, 58, 3, 2),
(4, 36, 59, 3, 2),
(4, 36, 60, 3, 2),
(4, 36, 61, 3, 1),
(4, 36, 62, 3, 3),
(4, 36, 63, 3, 1),
(4, 36, 64, 3, 3),
(4, 36, 65, 3, 0),
(4, 36, 66, 3, 2),
(4, 36, 67, 3, 3),
(4, 36, 68, 3, 3),
(4, 36, 69, 3, 3),
(4, 36, 70, 3, 2),
(4, 36, 71, 3, 3),
(4, 36, 72, 3, 1),
(4, 36, 73, 3, 3),
(4, 36, 74, 3, 3),
(4, 36, 75, 3, 1),
(4, 36, 76, 3, 2),
(4, 36, 77, 3, 3),
(4, 36, 78, 3, 3),
(4, 36, 79, 3, 13),
(4, 36, 80, 3, 3),
(4, 36, 81, 3, 3),
(4, 36, 82, 3, 1),
(4, 36, 83, 3, 2),
(4, 36, 84, 3, 2),
(4, 36, 85, 3, 1),
(4, 36, 86, 3, 1),
(4, 36, 87, 3, 3),
(4, 36, 88, 3, 3),
(4, 36, 89, 3, 3),
(4, 36, 90, 3, 3),
(4, 36, 91, 3, 3),
(4, 36, 92, 3, 1),
(4, 36, 93, 3, 2),
(4, 36, 94, 3, 2),
(4, 36, 95, 3, 2),
(4, 36, 96, 3, 2),
(4, 36, 97, 3, 1),
(4, 36, 98, 3, 3),
(4, 36, 99, 3, 2),
(4, 36, 100, 3, 3),
(4, 36, 101, 3, 2),
(4, 36, 102, 3, 2),
(4, 36, 103, 3, 0),
(4, 36, 104, 3, 1),
(4, 36, 105, 3, 3),
(4, 36, 106, 3, 0),
(4, 36, 107, 3, 0),
(4, 36, 108, 3, 3),
(4, 36, 109, 3, 2),
(4, 25, 1, 7, 6),
(4, 25, 2, 7, 7),
(4, 25, 3, 7, 6),
(4, 25, 4, 7, 7),
(4, 25, 5, 7, 7),
(4, 25, 6, 7, 7),
(4, 25, 7, 7, 2),
(4, 25, 8, 7, 6),
(4, 25, 9, 7, 4),
(4, 25, 10, 7, 4),
(4, 25, 11, 7, 7),
(4, 25, 12, 7, 0),
(4, 25, 13, 7, 7),
(4, 25, 14, 7, 6),
(4, 25, 15, 7, 0),
(4, 25, 16, 7, 7),
(4, 25, 17, 7, 6),
(4, 25, 18, 7, 4),
(4, 25, 19, 7, 0),
(4, 25, 20, 7, 1),
(4, 25, 21, 7, 7),
(4, 25, 22, 7, 6),
(4, 25, 23, 7, 2),
(4, 25, 24, 7, 6),
(4, 25, 25, 7, 7),
(4, 25, 26, 7, 7),
(4, 25, 27, 7, 0),
(4, 25, 28, 7, 2),
(4, 25, 29, 7, 7),
(4, 25, 30, 7, 0),
(4, 25, 31, 7, 2),
(4, 25, 32, 7, 4),
(4, 25, 33, 7, 2),
(4, 25, 34, 7, 7),
(4, 25, 35, 7, 0),
(4, 25, 36, 7, 0),
(4, 25, 37, 7, 6),
(4, 25, 38, 7, 4),
(4, 25, 39, 7, 0),
(4, 25, 40, 7, 7),
(4, 25, 41, 7, 7),
(4, 25, 42, 7, 6),
(4, 25, 43, 7, 7),
(4, 25, 44, 7, 7),
(4, 25, 45, 7, 6),
(4, 25, 46, 7, 7),
(4, 25, 47, 7, 4),
(4, 25, 48, 7, 4),
(4, 25, 49, 7, 1),
(4, 25, 50, 7, 7),
(4, 25, 51, 7, 2),
(4, 25, 52, 7, 0),
(4, 25, 53, 7, 0),
(4, 25, 54, 7, 7),
(4, 25, 55, 7, 6),
(4, 25, 56, 7, 6),
(4, 35, 57, 8, 5),
(4, 35, 58, 8, 5),
(4, 35, 59, 8, 5),
(4, 35, 60, 8, 2),
(4, 35, 61, 8, 5),
(4, 35, 62, 8, 5),
(4, 35, 63, 8, 3),
(4, 35, 64, 8, 4),
(4, 35, 65, 8, 0),
(4, 35, 66, 8, 1),
(4, 35, 67, 8, 3),
(4, 35, 68, 8, 0),
(4, 35, 69, 8, 5),
(4, 35, 70, 8, 3),
(4, 35, 71, 8, 1),
(4, 35, 72, 8, 0),
(4, 35, 73, 8, 3),
(4, 35, 74, 8, 5),
(4, 35, 75, 8, 0),
(4, 35, 76, 8, 5),
(4, 35, 77, 8, 5),
(4, 35, 78, 8, 5),
(4, 35, 79, 8, 5),
(4, 35, 80, 8, 5),
(4, 35, 81, 8, 5),
(4, 35, 82, 8, 4),
(4, 35, 83, 8, 3),
(4, 35, 84, 8, 5),
(4, 35, 85, 8, 0),
(4, 35, 86, 8, 2),
(4, 35, 87, 8, 0),
(4, 35, 88, 8, 3),
(4, 35, 89, 8, 5),
(4, 35, 90, 8, 5),
(4, 35, 91, 8, 5),
(4, 35, 92, 8, 3),
(4, 35, 93, 8, 5),
(4, 35, 94, 8, 3),
(4, 35, 95, 8, 4),
(4, 35, 96, 8, 0),
(4, 35, 97, 8, 1),
(4, 35, 98, 8, 5),
(4, 35, 99, 8, 5),
(4, 35, 100, 8, 5),
(4, 35, 101, 8, 4),
(4, 35, 102, 8, 5),
(4, 35, 103, 8, 0),
(4, 35, 104, 8, 0),
(4, 35, 105, 8, 3),
(4, 35, 106, 8, 3),
(4, 35, 107, 8, 0),
(4, 35, 108, 8, 5),
(4, 35, 109, 8, 5),
(4, 30, 1, 1, 1),
(4, 30, 2, 1, 0),
(4, 30, 3, 1, 0),
(4, 30, 4, 1, 0),
(4, 30, 5, 1, 1),
(4, 30, 6, 1, 1),
(4, 30, 7, 1, 1),
(4, 30, 8, 1, 0),
(4, 30, 9, 1, 1),
(4, 30, 10, 1, 1),
(4, 30, 11, 1, 1),
(4, 30, 12, 1, 0),
(4, 30, 13, 1, 1),
(4, 30, 14, 1, 1),
(4, 30, 15, 1, 0),
(4, 30, 16, 1, 1),
(4, 30, 17, 1, 1),
(4, 30, 18, 1, 1),
(4, 30, 19, 1, 0),
(4, 30, 20, 1, 1),
(4, 30, 21, 1, 1),
(4, 30, 22, 1, 1),
(4, 30, 23, 1, 0),
(4, 30, 24, 1, 1),
(4, 30, 25, 1, 1),
(4, 30, 26, 1, 1),
(4, 30, 27, 1, 1),
(4, 30, 28, 1, 1),
(4, 30, 29, 1, 0),
(4, 30, 30, 1, 0),
(4, 30, 31, 1, 0),
(4, 30, 32, 1, 1),
(4, 30, 33, 1, 0),
(4, 30, 34, 1, 0),
(4, 30, 35, 1, 1),
(4, 30, 36, 1, 1),
(4, 30, 37, 1, 1),
(4, 30, 38, 1, 1),
(4, 30, 39, 1, 1),
(4, 30, 40, 1, 0),
(4, 30, 41, 1, 1),
(4, 30, 42, 1, 1),
(4, 30, 43, 1, 1),
(4, 30, 44, 1, 1),
(4, 30, 45, 1, 0),
(4, 30, 46, 1, 1),
(4, 30, 47, 1, 0),
(4, 30, 48, 1, 0),
(4, 30, 49, 1, 1),
(4, 30, 50, 1, 1),
(4, 30, 51, 1, 1),
(4, 30, 52, 1, 0),
(4, 30, 53, 1, 0),
(4, 30, 54, 1, 1),
(4, 30, 55, 1, 1),
(4, 30, 56, 1, 0),
(4, 40, 57, 1, 1),
(4, 40, 58, 1, 0),
(4, 40, 59, 1, 0),
(4, 40, 60, 1, 1),
(4, 40, 61, 1, 0),
(4, 40, 62, 1, 1),
(4, 40, 63, 1, 0),
(4, 40, 64, 1, 1),
(4, 40, 65, 1, 0),
(4, 40, 66, 1, 1),
(4, 40, 67, 1, 0),
(4, 40, 68, 1, 1),
(4, 40, 69, 1, 1),
(4, 40, 70, 1, 1),
(4, 40, 71, 1, 0),
(4, 40, 72, 1, 0),
(4, 40, 73, 1, 1),
(4, 40, 74, 1, 1),
(4, 40, 75, 1, 0),
(4, 40, 76, 1, 1),
(4, 40, 77, 1, 1),
(4, 40, 78, 1, 1),
(4, 40, 79, 1, 1),
(4, 40, 80, 1, 0),
(4, 40, 81, 1, 1),
(4, 40, 82, 1, 1),
(4, 40, 83, 1, 1),
(4, 40, 84, 1, 1),
(4, 40, 85, 1, 1),
(4, 40, 86, 1, 1);
INSERT INTO `42015attd` (`month_id`, `subject_id`, `student_id`, `total_lectures`, `present`) VALUES
(4, 40, 87, 1, 4),
(4, 40, 88, 1, 1),
(4, 40, 89, 1, 0),
(4, 40, 90, 1, 2),
(4, 40, 91, 1, -1),
(4, 40, 92, 1, 2),
(4, 40, 93, 1, 1),
(4, 40, 94, 1, -2),
(4, 40, 95, 1, 4),
(4, 40, 96, 1, 0),
(4, 40, 97, 1, 1),
(4, 40, 98, 1, -1),
(4, 40, 99, 1, 4),
(4, 40, 100, 1, 0),
(4, 40, 101, 1, 1),
(4, 40, 102, 1, -6),
(4, 40, 103, 1, 6),
(4, 40, 104, 1, -3),
(4, 40, 105, 1, 4),
(4, 40, 106, 1, -1),
(4, 40, 107, 1, 3),
(4, 40, 108, 1, 1),
(4, 40, 109, 1, 1),
(4, 24, 54, 7, 5),
(4, 24, 55, 7, 5),
(4, 24, 56, 7, 5),
(4, 24, 53, 7, 0),
(4, 27, 1, 2, 1),
(4, 27, 2, 2, 0),
(4, 27, 3, 2, 0),
(4, 27, 4, 2, 1),
(4, 27, 5, 2, 1),
(4, 27, 6, 2, 2),
(4, 27, 7, 2, 0),
(4, 27, 8, 2, 0),
(4, 27, 9, 2, 0),
(4, 27, 10, 2, 1),
(4, 27, 11, 2, 1),
(4, 27, 12, 2, 1),
(4, 27, 13, 2, 1),
(4, 27, 14, 2, 2),
(4, 27, 15, 2, 0),
(4, 27, 16, 2, 2),
(4, 27, 17, 2, 2),
(4, 27, 18, 2, 2),
(4, 27, 19, 2, 0),
(4, 27, 20, 2, 2),
(4, 27, 21, 2, 1),
(4, 27, 22, 2, 2),
(4, 27, 23, 2, 1),
(4, 27, 24, 2, 2),
(4, 27, 25, 2, 2),
(4, 27, 26, 2, 2),
(4, 27, 27, 2, 1),
(4, 27, 28, 2, 0),
(4, 27, 29, 2, 2),
(4, 27, 30, 2, 0),
(4, 27, 31, 2, 1),
(4, 27, 32, 2, 2),
(4, 27, 33, 2, 2),
(4, 27, 34, 2, 1),
(4, 27, 35, 2, 1),
(4, 27, 36, 2, 2),
(4, 27, 37, 2, 2),
(4, 27, 38, 2, 2),
(4, 27, 39, 2, 1),
(4, 27, 40, 2, 1),
(4, 27, 41, 2, 2),
(4, 27, 42, 2, 1),
(4, 27, 43, 2, 2),
(4, 27, 44, 2, 2),
(4, 27, 45, 2, 2),
(4, 27, 46, 2, 2),
(4, 27, 47, 2, 2),
(4, 27, 48, 2, 1),
(4, 27, 49, 2, 2),
(4, 27, 50, 2, 1),
(4, 27, 51, 2, 1),
(4, 27, 52, 2, 0),
(4, 27, 53, 2, 1),
(4, 27, 54, 2, 1),
(4, 27, 55, 2, 1),
(4, 27, 56, 2, 2),
(4, 37, 57, 3, 3),
(4, 37, 58, 3, 3),
(4, 37, 59, 3, 3),
(4, 37, 60, 3, 3),
(4, 37, 61, 3, 3),
(4, 37, 62, 3, 3),
(4, 37, 63, 3, 1),
(4, 37, 64, 3, 3),
(4, 37, 65, 3, 0),
(4, 37, 66, 3, 1),
(4, 37, 67, 3, 2),
(4, 37, 68, 3, 2),
(4, 37, 69, 3, 3),
(4, 37, 70, 3, 3),
(4, 37, 71, 3, 1),
(4, 37, 72, 3, 1),
(4, 37, 73, 3, 2),
(4, 37, 74, 3, 3),
(4, 37, 75, 3, 2),
(4, 37, 76, 3, 1),
(4, 37, 77, 3, 3),
(4, 37, 78, 3, 1),
(4, 37, 79, 3, 3),
(4, 37, 80, 3, 3),
(4, 37, 81, 3, 3),
(4, 37, 82, 3, 2),
(4, 37, 83, 3, 1),
(4, 37, 84, 3, 2),
(4, 37, 85, 3, 2),
(4, 37, 86, 3, 1),
(4, 37, 87, 3, 3),
(4, 37, 88, 3, 1),
(4, 37, 89, 3, 2),
(4, 37, 90, 3, 2),
(4, 37, 91, 3, 3),
(4, 37, 92, 3, 2),
(4, 37, 93, 3, 3),
(4, 37, 94, 3, 2),
(4, 37, 95, 3, 3),
(4, 37, 96, 3, 2),
(4, 37, 97, 3, 3),
(4, 37, 98, 3, 3),
(4, 37, 99, 3, 2),
(4, 37, 100, 3, 2),
(4, 37, 101, 3, 2),
(4, 37, 102, 3, 3),
(4, 37, 103, 3, 0),
(4, 37, 104, 3, 1),
(4, 37, 105, 3, 2),
(4, 37, 106, 3, 2),
(4, 37, 107, 3, 1),
(4, 37, 108, 3, 3),
(4, 37, 109, 3, 3),
(4, 23, 1, 4, 2),
(4, 23, 2, 4, 2),
(4, 23, 3, 4, 1),
(4, 23, 4, 4, 3),
(4, 23, 5, 4, 3),
(4, 23, 6, 4, 1),
(4, 23, 7, 4, 1),
(4, 23, 8, 4, 1),
(4, 23, 9, 4, 1),
(4, 23, 10, 4, 2),
(4, 23, 11, 4, 3),
(4, 23, 12, 4, 0),
(4, 23, 13, 4, 4),
(4, 23, 14, 4, 4),
(4, 23, 15, 4, 0),
(4, 23, 16, 4, 2),
(4, 23, 17, 4, 1),
(4, 23, 18, 4, 2),
(4, 23, 19, 4, 1),
(4, 23, 20, 4, 2),
(4, 23, 21, 4, 4),
(4, 23, 22, 4, 4),
(4, 23, 23, 4, 0),
(4, 23, 24, 4, 1),
(4, 23, 25, 4, 2),
(4, 23, 26, 4, 1),
(4, 23, 27, 4, 0),
(4, 23, 28, 4, 0),
(4, 23, 29, 4, 0),
(4, 23, 30, 4, 0),
(4, 23, 31, 4, 0),
(4, 23, 32, 4, 1),
(4, 23, 33, 4, 2),
(4, 23, 34, 4, 3),
(4, 23, 35, 4, 3),
(4, 23, 36, 4, 3),
(4, 23, 37, 4, 1),
(4, 23, 38, 4, 2),
(4, 23, 39, 4, -2),
(4, 23, 40, 4, 2),
(4, 23, 41, 4, 1),
(4, 23, 42, 4, 0),
(4, 23, 43, 4, 1),
(4, 23, 44, 4, 1),
(4, 23, 45, 4, 1),
(4, 23, 46, 4, 2),
(4, 23, 47, 4, 1),
(4, 23, 48, 4, 1),
(4, 23, 49, 4, 1),
(4, 23, 50, 4, 3),
(4, 23, 51, 4, 1),
(4, 23, 52, 4, 0),
(4, 23, 53, 4, 0),
(4, 23, 54, 4, 3),
(4, 23, 55, 4, 2),
(4, 23, 56, 4, 2),
(4, 33, 57, 5, 3),
(4, 33, 58, 5, 4),
(4, 33, 59, 5, 3),
(4, 33, 60, 5, 3),
(4, 33, 61, 5, 2),
(4, 33, 62, 5, 3),
(4, 33, 63, 5, 4),
(4, 33, 64, 5, 5),
(4, 33, 65, 5, 0),
(4, 33, 66, 5, 2),
(4, 33, 67, 5, 3),
(4, 33, 68, 5, 4),
(4, 33, 69, 5, 4),
(4, 33, 70, 5, 4),
(4, 33, 71, 5, 3),
(4, 33, 72, 5, 0),
(4, 33, 73, 5, 2),
(4, 33, 74, 5, 3),
(4, 33, 75, 5, 3),
(4, 33, 76, 5, 3),
(4, 33, 77, 5, 5),
(4, 33, 78, 5, 3),
(4, 33, 79, 5, 4),
(4, 33, 80, 5, 4),
(4, 33, 81, 5, 4),
(4, 33, 82, 5, 1),
(4, 33, 83, 5, 4),
(4, 33, 84, 5, 3),
(4, 33, 85, 5, 1),
(4, 33, 86, 5, 0),
(4, 33, 87, 5, 1),
(4, 33, 88, 5, 3),
(4, 33, 89, 5, 4),
(4, 33, 90, 5, 4),
(4, 33, 91, 5, 4),
(4, 33, 92, 5, 2),
(4, 33, 93, 5, 2),
(4, 33, 94, 5, 2),
(4, 33, 95, 5, 3),
(4, 33, 96, 5, 5),
(4, 33, 97, 5, 1),
(4, 33, 98, 5, 2),
(4, 33, 99, 5, 2),
(4, 33, 100, 5, 3),
(4, 33, 101, 5, 3),
(4, 33, 102, 5, 4),
(4, 33, 103, 5, 1),
(4, 33, 104, 5, 1),
(4, 33, 105, 5, 4),
(4, 33, 106, 5, 3),
(4, 33, 107, 5, 0),
(4, 33, 108, 5, 3),
(4, 33, 109, 5, 4),
(5, 25, 1, 7, 5),
(5, 25, 2, 7, 6),
(5, 25, 3, 7, 5),
(5, 25, 4, 7, 7),
(5, 25, 5, 7, 14),
(5, 25, 6, 7, 3),
(5, 25, 7, 7, 8),
(5, 25, 8, 7, 2),
(5, 25, 9, 7, 3),
(5, 25, 10, 7, 3),
(5, 25, 11, 7, 6),
(5, 25, 12, 7, 0),
(5, 25, 13, 7, 7),
(5, 25, 14, 7, 6),
(5, 25, 15, 7, 0),
(5, 25, 16, 7, 3),
(5, 25, 17, 7, 3),
(5, 25, 18, 7, 2),
(5, 25, 19, 7, 1),
(5, 25, 20, 7, 9),
(5, 25, 21, 7, 5),
(5, 25, 22, 7, 5),
(5, 25, 23, 7, 3),
(5, 25, 24, 7, 1),
(5, 25, 25, 7, 4),
(5, 25, 26, 7, 5),
(5, 25, 27, 7, 10),
(5, 25, 28, 7, 2),
(5, 25, 29, 7, 4),
(5, 25, 30, 7, 0),
(5, 25, 31, 7, 2),
(5, 25, 32, 7, 4),
(5, 25, 33, 7, 3),
(5, 25, 34, 7, 5),
(5, 25, 35, 7, 14),
(5, 25, 36, 7, 11),
(5, 25, 37, 7, 1),
(5, 25, 38, 7, 3),
(5, 25, 39, 7, 13),
(5, 25, 40, 7, 5),
(5, 25, 41, 7, 4),
(5, 25, 42, 7, 3),
(5, 25, 43, 7, 3),
(5, 25, 44, 7, 4),
(5, 25, 45, 7, 3),
(5, 25, 46, 7, 4),
(5, 25, 47, 7, 2),
(5, 25, 48, 7, 5),
(5, 25, 49, 7, 11),
(5, 25, 50, 7, 7),
(5, 25, 51, 7, 3),
(5, 25, 52, 7, 0),
(5, 25, 53, 7, 2),
(5, 25, 54, 7, 7),
(5, 25, 55, 7, 4),
(5, 25, 56, 7, 5),
(5, 35, 57, 1, 2),
(5, 35, 58, 1, 3),
(5, 35, 59, 1, 1),
(5, 35, 60, 1, 1),
(5, 35, 61, 1, 3),
(5, 35, 62, 1, 1),
(5, 35, 63, 1, 1),
(5, 35, 64, 1, 0),
(5, 35, 65, 1, 2),
(5, 35, 66, 1, 1),
(5, 35, 67, 1, 1),
(5, 35, 68, 1, 8),
(5, 35, 69, 1, 4),
(5, 35, 70, 1, 4),
(5, 35, 71, 1, 3),
(5, 35, 72, 1, 1),
(5, 35, 73, 1, 2),
(5, 35, 74, 1, 2),
(5, 35, 75, 1, 2),
(5, 35, 76, 1, 1),
(5, 35, 77, 1, 4),
(5, 35, 78, 1, 2),
(5, 35, 79, 1, 4),
(5, 35, 80, 1, 4),
(5, 35, 81, 1, 3),
(5, 35, 82, 1, 4),
(5, 35, 83, 1, 4),
(5, 35, 84, 1, 2),
(5, 35, 85, 1, 1),
(5, 35, 86, 1, 1),
(5, 35, 87, 1, 2),
(5, 35, 88, 1, 1),
(5, 35, 89, 1, 4),
(5, 35, 90, 1, -1),
(5, 35, 91, 1, 2),
(5, 35, 92, 1, 2),
(5, 35, 93, 1, 2),
(5, 35, 94, 1, 2),
(5, 35, 95, 1, 1),
(5, 35, 96, 1, 4),
(5, 35, 97, 1, 4),
(5, 35, 98, 1, 4),
(5, 35, 99, 1, 1),
(5, 35, 100, 1, 4),
(5, 35, 101, 1, 4),
(5, 35, 102, 1, 4),
(5, 35, 103, 1, 1),
(5, 35, 104, 1, 2),
(5, 35, 105, 1, 0),
(5, 35, 106, 1, 1),
(5, 35, 107, 1, 0),
(5, 35, 108, 1, 4),
(5, 35, 109, 1, 3),
(5, 30, 1, 2, 1),
(5, 30, 2, 2, 2),
(5, 30, 3, 2, 2),
(5, 30, 4, 2, 3),
(5, 30, 5, 2, 2),
(5, 30, 6, 2, 2),
(5, 30, 7, 2, 1),
(5, 30, 8, 2, 1),
(5, 30, 9, 2, 1),
(5, 30, 10, 2, 2),
(5, 30, 11, 2, 2),
(5, 30, 12, 2, 1),
(5, 30, 13, 2, 2),
(5, 30, 14, 2, 2),
(5, 30, 15, 2, 0),
(5, 30, 16, 2, 2),
(5, 30, 17, 2, 2),
(5, 30, 18, 2, 2),
(5, 30, 19, 2, 1),
(5, 30, 20, 2, 2),
(5, 30, 21, 2, 2),
(5, 30, 22, 2, 2),
(5, 30, 23, 2, 2),
(5, 30, 24, 2, 2),
(5, 30, 25, 2, 2),
(5, 30, 26, 2, 2),
(5, 30, 27, 2, 2),
(5, 30, 28, 2, 1),
(5, 30, 29, 2, 1),
(5, 30, 30, 2, 0),
(5, 30, 31, 2, 1),
(5, 30, 32, 2, 2),
(5, 30, 33, 2, 2),
(5, 30, 34, 2, 1),
(5, 30, 35, 2, 2),
(5, 30, 36, 2, 2),
(5, 30, 37, 2, 1),
(5, 30, 38, 2, 1),
(5, 30, 39, 2, 2),
(5, 30, 40, 2, 1),
(5, 30, 41, 2, 2),
(5, 30, 42, 2, 2),
(5, 30, 43, 2, 2),
(5, 30, 44, 2, 2),
(5, 30, 45, 2, 2),
(5, 30, 46, 2, 0),
(5, 30, 47, 2, 2),
(5, 30, 48, 2, 2),
(5, 30, 49, 2, 2),
(5, 30, 50, 2, 2),
(5, 30, 51, 2, 0),
(5, 30, 52, 2, 0),
(5, 30, 53, 2, 0),
(5, 30, 54, 2, 2),
(5, 30, 55, 2, 1),
(5, 30, 56, 2, 2),
(5, 40, 57, 3, 1),
(5, 40, 58, 3, 0),
(5, 40, 59, 3, 0),
(5, 40, 60, 3, 0),
(5, 40, 61, 3, 0),
(5, 40, 62, 3, 0),
(5, 40, 63, 3, 0),
(5, 40, 64, 3, 0),
(5, 40, 65, 3, 0),
(5, 40, 66, 3, 0),
(5, 40, 67, 3, 0),
(5, 40, 68, 3, 1),
(5, 40, 69, 3, 2),
(5, 40, 70, 3, 3),
(5, 40, 71, 3, 1),
(5, 40, 72, 3, 0),
(5, 40, 73, 3, 3),
(5, 40, 74, 3, 3),
(5, 40, 75, 3, 0),
(5, 40, 76, 3, 0),
(5, 40, 77, 3, 3),
(5, 40, 78, 3, 2),
(5, 40, 79, 3, 3),
(5, 40, 80, 3, 3),
(5, 40, 81, 3, 1),
(5, 40, 82, 3, 2),
(5, 40, 83, 3, 0),
(5, 40, 84, 3, 1),
(5, 40, 85, 3, 0),
(5, 40, 86, 3, 0),
(5, 40, 87, 3, -3),
(5, 40, 88, 3, 0),
(5, 40, 89, 3, 4),
(5, 40, 90, 3, 2),
(5, 40, 91, 3, 2),
(5, 40, 92, 3, -1),
(5, 40, 93, 3, 0),
(5, 40, 94, 3, 3),
(5, 40, 95, 3, -3),
(5, 40, 96, 3, 2),
(5, 40, 97, 3, 0),
(5, 40, 98, 3, 2),
(5, 40, 99, 3, -4),
(5, 40, 100, 3, 4),
(5, 40, 101, 3, 3),
(5, 40, 102, 3, 9),
(5, 40, 103, 3, -6),
(5, 40, 104, 3, 4),
(5, 40, 105, 3, -3),
(5, 40, 106, 3, 2),
(5, 40, 107, 3, -3),
(5, 40, 108, 3, 0),
(5, 40, 109, 3, 2),
(5, 23, 1, 5, 5),
(5, 23, 2, 5, 5),
(5, 23, 3, 5, 5),
(5, 23, 4, 5, 4),
(5, 23, 5, 5, 5),
(5, 23, 6, 5, 1),
(5, 23, 7, 5, 3),
(5, 23, 8, 5, 1),
(5, 23, 9, 5, 2),
(5, 23, 10, 5, 3),
(5, 23, 11, 5, 5),
(5, 23, 12, 5, 0),
(5, 23, 13, 5, 5),
(5, 23, 14, 5, 5),
(5, 23, 15, 5, 0),
(5, 23, 16, 5, 1),
(5, 23, 17, 5, 3),
(5, 23, 18, 5, 2),
(5, 23, 19, 5, 0),
(5, 23, 20, 5, 4),
(5, 23, 21, 5, 3),
(5, 23, 22, 5, 4),
(5, 23, 23, 5, 3),
(5, 23, 24, 5, 2),
(5, 23, 25, 5, 3),
(5, 23, 26, 5, 5),
(5, 23, 27, 5, 5),
(5, 23, 28, 5, 0),
(5, 23, 29, 5, 1),
(5, 23, 30, 5, 0),
(5, 23, 31, 5, 0),
(5, 23, 32, 5, 4),
(5, 23, 33, 5, 2),
(5, 23, 34, 5, 3),
(5, 23, 35, 5, 5),
(5, 23, 36, 5, 2),
(5, 23, 37, 5, 0),
(5, 23, 38, 5, 2),
(5, 23, 39, 5, 8),
(5, 23, 40, 5, 3),
(5, 23, 41, 5, 1),
(5, 23, 42, 5, 2),
(5, 23, 43, 5, 1),
(5, 23, 44, 5, 3),
(5, 23, 45, 5, 3),
(5, 23, 46, 5, 4),
(5, 23, 47, 5, 2),
(5, 23, 48, 5, 5),
(5, 23, 49, 5, 4),
(5, 23, 50, 5, 5),
(5, 23, 51, 5, 4),
(5, 23, 52, 5, 0),
(5, 23, 53, 5, 1),
(5, 23, 54, 5, 4),
(5, 23, 55, 5, 5),
(5, 23, 56, 5, 4),
(5, 33, 57, 6, 5),
(5, 33, 58, 6, 5),
(5, 33, 59, 6, 3),
(5, 33, 60, 6, 1),
(5, 33, 61, 6, 5),
(5, 33, 62, 6, 1),
(5, 33, 63, 6, 3),
(5, 33, 64, 6, 0),
(5, 33, 65, 6, 1),
(5, 33, 66, 6, 3),
(5, 33, 67, 6, 1),
(5, 33, 68, 6, 3),
(5, 33, 69, 6, 4),
(5, 33, 70, 6, 6),
(5, 33, 71, 6, 3),
(5, 33, 72, 6, 2),
(5, 33, 73, 6, 5),
(5, 33, 74, 6, 5),
(5, 33, 75, 6, 3),
(5, 33, 76, 6, 2),
(5, 33, 77, 6, 6),
(5, 33, 78, 6, 6),
(5, 33, 79, 6, 6),
(5, 33, 80, 6, 6),
(5, 33, 81, 6, 5),
(5, 33, 82, 6, 3),
(5, 33, 83, 6, 3),
(5, 33, 84, 6, 5),
(5, 33, 85, 6, 1),
(5, 33, 86, 6, 2),
(5, 33, 87, 6, 6),
(5, 33, 88, 6, 3),
(5, 33, 89, 6, 6),
(5, 33, 90, 6, 6),
(5, 33, 91, 6, 4),
(5, 33, 92, 6, 3),
(5, 33, 93, 6, 3),
(5, 33, 94, 6, 2),
(5, 33, 95, 6, 3),
(5, 33, 96, 6, 1),
(5, 33, 97, 6, 2),
(5, 33, 98, 6, 3),
(5, 33, 99, 6, 1),
(5, 33, 100, 6, 6),
(5, 33, 101, 6, 6),
(5, 33, 102, 6, 6),
(5, 33, 103, 6, 2),
(5, 33, 104, 6, 1),
(5, 33, 105, 6, 0),
(5, 33, 106, 6, 4),
(5, 33, 107, 6, 2),
(5, 33, 108, 6, 3),
(5, 33, 109, 6, 4);

-- --------------------------------------------------------

--
-- Table structure for table `52015attd`
--

CREATE TABLE `52015attd` (
  `month_id` int(11) NOT NULL,
  `subject_id` int(11) NOT NULL,
  `student_id` int(11) NOT NULL,
  `total_lectures` int(11) NOT NULL,
  `present` int(11) NOT NULL
) ENGINE=InnoDB DEFAULT CHARSET=latin1;

--
-- Dumping data for table `52015attd`
--

INSERT INTO `52015attd` (`month_id`, `subject_id`, `student_id`, `total_lectures`, `present`) VALUES
(8, 42, 1, 0, 0),
(8, 42, 2, 0, 0),
(8, 42, 3, 0, 0),
(8, 42, 4, 0, 0),
(8, 42, 5, 0, 0),
(8, 42, 6, 0, 0),
(8, 42, 7, 0, 0),
(8, 42, 8, 0, 0),
(8, 42, 9, 0, 0),
(8, 42, 10, 0, 0),
(8, 42, 11, 0, 0),
(8, 42, 12, 0, 0),
(8, 42, 13, 0, 0),
(8, 42, 14, 0, 0),
(8, 42, 15, 0, 0),
(8, 42, 16, 0, 0),
(8, 42, 17, 0, 0),
(8, 42, 18, 0, 0),
(8, 42, 19, 0, 0),
(8, 42, 20, 0, 0),
(8, 42, 21, 0, 0),
(8, 42, 22, 0, 0),
(8, 42, 23, 0, 0),
(8, 42, 24, 0, 0),
(8, 42, 25, 0, 0),
(8, 42, 26, 0, 0),
(8, 42, 27, 0, 0),
(8, 42, 28, 0, 0),
(8, 42, 29, 0, 0),
(8, 42, 30, 0, 0),
(8, 42, 31, 0, 0),
(8, 42, 32, 0, 0),
(8, 42, 33, 0, 0),
(8, 42, 34, 0, 0),
(8, 42, 35, 0, 0),
(8, 42, 36, 0, 0),
(8, 42, 37, 0, 0),
(8, 42, 38, 0, 0),
(8, 42, 39, 0, 0),
(8, 42, 40, 0, 0),
(8, 42, 41, 0, 0),
(8, 42, 42, 0, 0),
(8, 42, 43, 0, 0),
(8, 42, 44, 0, 0),
(8, 42, 45, 0, 0),
(8, 42, 46, 0, 0),
(8, 42, 47, 0, 0),
(8, 42, 48, 0, 0),
(8, 42, 49, 0, 0),
(8, 42, 50, 0, 0),
(8, 42, 51, 0, 0),
(8, 42, 52, 0, 0),
(8, 42, 53, 0, 0),
(8, 42, 54, 0, 0),
(8, 42, 55, 0, 0),
(8, 42, 56, 0, 0);

-- --------------------------------------------------------

--
-- Table structure for table `62014attd`
--

CREATE TABLE `62014attd` (
  `month_id` int(11) NOT NULL,
  `subject_id` int(11) NOT NULL,
  `student_id` int(11) NOT NULL,
  `total_lectures` int(11) NOT NULL,
  `present` int(11) NOT NULL
) ENGINE=InnoDB DEFAULT CHARSET=latin1;

--
-- Dumping data for table `62014attd`
--

INSERT INTO `62014attd` (`month_id`, `subject_id`, `student_id`, `total_lectures`, `present`) VALUES
(2, 67, 110, 3, 2),
(2, 67, 111, 3, 1),
(2, 67, 112, 3, 1),
(2, 67, 113, 3, 2),
(2, 67, 114, 3, 2),
(2, 67, 115, 3, 3),
(2, 67, 116, 3, 2),
(2, 67, 117, 3, 3),
(2, 67, 118, 3, 2),
(2, 67, 119, 3, 0),
(2, 67, 120, 3, 3),
(2, 67, 121, 3, 2),
(2, 67, 122, 3, 2),
(2, 67, 123, 3, 3),
(2, 67, 124, 3, 0),
(2, 67, 125, 3, 3),
(2, 67, 126, 3, 2),
(2, 67, 127, 3, 3),
(2, 67, 128, 3, 0),
(2, 67, 129, 3, 2),
(2, 67, 130, 3, 3),
(2, 67, 131, 3, 1),
(2, 67, 132, 3, 3),
(2, 67, 133, 3, 3),
(2, 67, 134, 3, 2),
(2, 67, 135, 3, 2),
(2, 67, 136, 3, 1),
(2, 67, 137, 3, 2),
(2, 67, 138, 3, 2),
(2, 67, 139, 3, 2),
(2, 67, 140, 3, 3),
(2, 67, 141, 3, 2),
(2, 67, 142, 3, 2),
(2, 67, 143, 3, 2),
(2, 67, 144, 3, 3),
(2, 67, 145, 3, 2),
(2, 67, 146, 3, 2),
(2, 67, 147, 3, 2),
(2, 67, 148, 3, 3),
(2, 67, 149, 3, 2),
(2, 67, 150, 3, 2),
(2, 67, 151, 3, 2),
(2, 67, 152, 3, 2),
(2, 67, 153, 3, 2),
(2, 67, 154, 3, 1),
(2, 67, 155, 3, 1),
(2, 67, 156, 3, 2),
(2, 67, 157, 3, 2),
(2, 67, 158, 3, 2),
(2, 67, 159, 3, 1),
(2, 67, 160, 3, 2),
(2, 67, 161, 3, 2),
(2, 67, 162, 3, 2),
(2, 77, 163, 4, 4),
(2, 77, 164, 4, 3),
(2, 77, 165, 4, 3),
(2, 77, 166, 4, 3),
(2, 77, 167, 4, 1),
(2, 77, 168, 4, 3),
(2, 77, 169, 4, 3),
(2, 77, 170, 4, 0),
(2, 77, 171, 4, 2),
(2, 77, 172, 4, 2),
(2, 77, 173, 4, 3),
(2, 77, 174, 4, 3),
(2, 77, 175, 4, 0),
(2, 77, 176, 4, 3),
(2, 77, 177, 4, 3),
(2, 77, 178, 4, 3),
(2, 77, 179, 4, 2),
(2, 77, 180, 4, 3),
(2, 77, 181, 4, 3),
(2, 77, 182, 4, 3),
(2, 77, 183, 4, 3),
(2, 77, 184, 4, 3),
(2, 77, 185, 4, 3),
(2, 77, 186, 4, 2),
(2, 77, 187, 4, 3),
(2, 77, 188, 4, 3),
(2, 77, 189, 4, 3),
(2, 77, 190, 4, 4),
(2, 77, 191, 4, 1),
(2, 77, 192, 4, 3),
(2, 77, 193, 4, 4),
(2, 77, 194, 4, 3),
(2, 77, 195, 4, 2),
(2, 77, 196, 4, 3),
(2, 77, 197, 4, 3),
(2, 77, 198, 4, 4),
(2, 77, 199, 4, 3),
(2, 77, 200, 4, 2),
(2, 77, 201, 4, 2),
(2, 77, 202, 4, 0),
(2, 77, 203, 4, 3),
(2, 77, 204, 4, 2),
(2, 77, 205, 4, 2),
(2, 77, 206, 4, 2),
(2, 77, 207, 4, 2),
(2, 77, 208, 4, 1),
(2, 77, 209, 4, 1),
(2, 77, 210, 4, 3),
(2, 77, 211, 4, 4),
(2, 77, 212, 4, 2),
(2, 77, 213, 4, 3),
(2, 77, 214, 4, 1),
(2, 77, 215, 4, 2),
(2, 77, 216, 4, 3),
(2, 63, 110, 18, 7),
(2, 63, 111, 18, 5),
(2, 63, 112, 18, 9),
(2, 63, 113, 18, 11),
(2, 63, 114, 18, 12),
(2, 63, 115, 18, 12),
(2, 63, 116, 18, 8),
(2, 63, 117, 18, 11),
(2, 63, 118, 18, 14),
(2, 63, 119, 18, 0),
(2, 63, 120, 18, 11),
(2, 63, 121, 18, 11),
(2, 63, 122, 18, 6),
(2, 63, 123, 18, 13),
(2, 63, 124, 18, 7),
(2, 63, 125, 18, 16),
(2, 63, 126, 18, 13),
(2, 63, 127, 18, 9),
(2, 63, 128, 18, 2),
(2, 63, 129, 18, 12),
(2, 63, 130, 18, 11),
(2, 63, 131, 18, 5),
(2, 63, 132, 18, 9),
(2, 63, 133, 18, 14),
(2, 63, 134, 18, 9),
(2, 63, 135, 18, 13),
(2, 63, 136, 18, 10),
(2, 63, 137, 18, 13),
(2, 63, 138, 18, 12),
(2, 63, 139, 18, 10),
(2, 63, 140, 18, 11),
(2, 63, 141, 18, 8),
(2, 63, 142, 18, 9),
(2, 63, 143, 18, 11),
(2, 63, 144, 18, 13),
(2, 63, 145, 18, 12),
(2, 63, 146, 18, 16),
(2, 63, 147, 18, 10),
(2, 63, 148, 18, 11),
(2, 63, 149, 18, 10),
(2, 63, 150, 18, 12),
(2, 63, 151, 18, 11),
(2, 63, 152, 18, 12),
(2, 63, 153, 18, 10),
(2, 63, 154, 18, 8),
(2, 63, 155, 18, 7),
(2, 63, 156, 18, 12),
(2, 63, 157, 18, 13),
(2, 63, 158, 18, 12),
(2, 63, 159, 18, 6),
(2, 63, 160, 18, 11),
(2, 63, 161, 18, 13),
(2, 63, 162, 18, 13),
(2, 73, 163, 17, 15),
(2, 73, 164, 17, 11),
(2, 73, 165, 17, 11),
(2, 73, 166, 17, 12),
(2, 73, 167, 17, 10),
(2, 73, 168, 17, 12),
(2, 73, 169, 17, 13),
(2, 73, 170, 17, 0),
(2, 73, 171, 17, 1),
(2, 73, 172, 17, 2),
(2, 73, 173, 17, 14),
(2, 73, 174, 17, 12),
(2, 73, 175, 17, 9),
(2, 73, 176, 17, 12),
(2, 73, 177, 17, 10),
(2, 73, 178, 17, 10),
(2, 73, 179, 17, 13),
(2, 73, 180, 17, 10),
(2, 73, 181, 17, 11),
(2, 73, 182, 17, 7),
(2, 73, 183, 17, 8),
(2, 73, 184, 17, 14),
(2, 73, 185, 17, 10),
(2, 73, 186, 17, 10),
(2, 73, 187, 17, 12),
(2, 73, 188, 17, 11),
(2, 73, 189, 17, 11),
(2, 73, 190, 17, 9),
(2, 73, 191, 17, 8),
(2, 73, 192, 17, 14),
(2, 73, 193, 17, 15),
(2, 73, 194, 17, 9),
(2, 73, 195, 17, 12),
(2, 73, 196, 17, 12),
(2, 73, 197, 17, 12),
(2, 73, 198, 17, 7),
(2, 73, 199, 17, 13),
(2, 73, 200, 17, 11),
(2, 73, 201, 17, 8),
(2, 73, 202, 17, 4),
(2, 73, 203, 17, 14),
(2, 73, 204, 17, 14),
(2, 73, 205, 17, 13),
(2, 73, 206, 17, 11),
(2, 73, 207, 17, 13),
(2, 73, 208, 17, 0),
(2, 73, 209, 17, 8),
(2, 73, 210, 17, 8),
(2, 73, 211, 17, 13),
(2, 73, 212, 17, 10),
(2, 73, 213, 17, 12),
(2, 73, 214, 17, 6),
(2, 73, 215, 17, 10),
(2, 73, 216, 17, 12),
(2, 66, 110, 16, 6),
(2, 66, 111, 16, 4),
(2, 66, 112, 16, 8),
(2, 66, 113, 16, 10),
(2, 66, 114, 16, 11),
(2, 66, 115, 16, 9),
(2, 66, 116, 16, 6),
(2, 66, 117, 16, 10),
(2, 66, 118, 16, 12),
(2, 66, 119, 16, 0),
(2, 66, 120, 16, 11),
(2, 66, 121, 16, 8),
(2, 66, 122, 16, 7),
(2, 66, 123, 16, 11),
(2, 66, 124, 16, 6),
(2, 66, 125, 16, 12),
(2, 66, 126, 16, 12),
(2, 66, 127, 16, 10),
(2, 66, 130, 16, 11),
(2, 66, 131, 16, 6),
(2, 66, 132, 16, 10),
(2, 66, 133, 16, 12),
(2, 66, 134, 16, 8),
(2, 66, 135, 16, 11),
(2, 66, 136, 16, 7),
(2, 66, 137, 16, 11),
(2, 66, 138, 16, 9),
(2, 66, 139, 16, 10),
(2, 66, 140, 16, 13),
(2, 66, 141, 16, 7),
(2, 66, 142, 16, 7),
(2, 66, 143, 16, 9),
(2, 66, 144, 16, 13),
(2, 66, 145, 16, 10),
(2, 66, 146, 16, 11),
(2, 66, 147, 16, 8),
(2, 66, 148, 16, 10),
(2, 66, 149, 16, 8),
(2, 66, 150, 16, 10),
(2, 66, 151, 16, 8),
(2, 66, 152, 16, 9),
(2, 66, 153, 16, 8),
(2, 66, 154, 16, 9),
(2, 66, 155, 16, 6),
(2, 66, 156, 16, 10),
(2, 66, 157, 16, 10),
(2, 66, 158, 16, 10),
(2, 66, 159, 16, 4),
(2, 66, 160, 16, 9),
(2, 66, 161, 16, 10),
(2, 66, 162, 16, 10),
(2, 76, 163, 16, 13),
(2, 76, 164, 16, 9),
(2, 76, 165, 16, 14),
(2, 76, 166, 16, 10),
(2, 76, 167, 16, 11),
(2, 76, 168, 16, 11),
(2, 76, 169, 16, 12),
(2, 76, 170, 16, 0),
(2, 76, 171, 16, 2),
(2, 76, 172, 16, 3),
(2, 76, 173, 16, 13),
(2, 76, 174, 16, 10),
(2, 76, 175, 16, 7),
(2, 76, 176, 16, 10),
(2, 76, 177, 16, 11),
(2, 76, 178, 16, 10),
(2, 76, 179, 16, 14),
(2, 76, 180, 16, 9),
(2, 76, 181, 16, 11),
(2, 76, 182, 16, 10),
(2, 76, 183, 16, 6),
(2, 76, 184, 16, 8),
(2, 76, 185, 16, 11),
(2, 76, 186, 16, 8),
(2, 76, 187, 16, 9),
(2, 76, 188, 16, 13),
(2, 76, 189, 16, 10),
(2, 76, 190, 16, 10),
(2, 76, 191, 16, 6),
(2, 76, 192, 16, 10),
(2, 76, 193, 16, 15),
(2, 76, 194, 16, 8),
(2, 76, 195, 16, 12),
(2, 76, 196, 16, 11),
(2, 76, 197, 16, 11),
(2, 76, 198, 16, 9),
(2, 76, 199, 16, 9),
(2, 76, 200, 16, 10),
(2, 76, 201, 16, 9),
(2, 76, 202, 16, 4),
(2, 76, 203, 16, 12),
(2, 76, 204, 16, 14),
(2, 76, 205, 16, 12),
(2, 76, 206, 16, 15),
(2, 76, 207, 16, 13),
(2, 76, 208, 16, 1),
(2, 76, 209, 16, 6),
(2, 76, 210, 16, 11),
(2, 76, 211, 16, 11),
(2, 76, 212, 16, 9),
(2, 76, 213, 16, 10),
(2, 76, 214, 16, 6),
(2, 76, 215, 16, 10),
(2, 76, 216, 16, 10),
(2, 70, 110, 4, 3),
(2, 70, 111, 4, 3),
(2, 70, 112, 4, 1),
(2, 70, 113, 4, 3),
(2, 70, 114, 4, 2),
(2, 70, 115, 4, 3),
(2, 70, 116, 4, 2),
(2, 70, 117, 4, 3),
(2, 70, 118, 4, 3),
(2, 70, 119, 4, 0),
(2, 70, 120, 4, 3),
(2, 70, 121, 4, 3),
(2, 70, 122, 4, 1),
(2, 70, 123, 4, 2),
(2, 70, 124, 4, 0),
(2, 70, 125, 4, 2),
(2, 70, 126, 4, 2),
(2, 70, 127, 4, 2),
(2, 70, 128, 4, 0),
(2, 70, 129, 4, 3),
(2, 70, 130, 4, 3),
(2, 70, 131, 4, 2),
(2, 70, 132, 4, 3),
(2, 70, 133, 4, 3),
(2, 70, 134, 4, 2),
(2, 70, 135, 4, 2),
(2, 70, 136, 4, 3),
(2, 70, 137, 4, 2),
(2, 70, 138, 4, 2),
(2, 70, 139, 4, 2),
(2, 70, 140, 4, 3),
(2, 70, 141, 4, 3),
(2, 70, 142, 4, 2),
(2, 70, 143, 4, 3),
(2, 70, 144, 4, 3),
(2, 70, 145, 4, 3),
(2, 70, 146, 4, 2),
(2, 70, 147, 4, 2),
(2, 70, 148, 4, 2),
(2, 70, 149, 4, 2),
(2, 70, 150, 4, 3),
(2, 70, 151, 4, 2),
(2, 70, 152, 4, 2),
(2, 70, 153, 4, 2),
(2, 70, 154, 4, 2),
(2, 70, 155, 4, 1),
(2, 70, 156, 4, 3),
(2, 70, 157, 4, 3),
(2, 70, 158, 4, 3),
(2, 70, 159, 4, 2),
(2, 70, 160, 4, 2),
(2, 70, 161, 4, 3),
(2, 70, 162, 4, 3),
(2, 62, 110, 17, 10),
(2, 62, 111, 17, 9),
(2, 62, 112, 17, 7),
(2, 62, 113, 17, 13),
(2, 62, 114, 17, 11),
(2, 62, 115, 17, 12),
(2, 62, 116, 17, 5),
(2, 62, 117, 17, 11),
(2, 62, 118, 17, 14),
(2, 62, 119, 17, 0),
(2, 62, 120, 17, 9),
(2, 62, 121, 17, 12),
(2, 62, 122, 17, 9),
(2, 62, 123, 17, 11),
(2, 62, 124, 17, 7),
(2, 62, 125, 17, 14),
(2, 62, 126, 17, 14),
(2, 62, 127, 17, 11),
(2, 62, 128, 17, 2),
(2, 62, 129, 17, 12),
(2, 62, 130, 17, 13),
(2, 62, 131, 17, 8),
(2, 62, 132, 17, 11),
(2, 62, 133, 17, 13),
(2, 62, 134, 17, 11),
(2, 62, 135, 17, 12),
(2, 62, 136, 17, 8),
(2, 62, 137, 17, 10),
(2, 62, 138, 17, 11),
(2, 62, 139, 17, 11),
(2, 62, 140, 17, 13),
(2, 62, 141, 17, 10),
(2, 62, 142, 17, 10),
(2, 62, 143, 17, 9),
(2, 62, 144, 17, 11),
(2, 62, 145, 17, 14),
(2, 62, 146, 17, 12),
(2, 62, 147, 17, 10),
(2, 62, 148, 17, 12),
(2, 62, 149, 17, 10),
(2, 62, 150, 17, 12),
(2, 62, 151, 17, 8),
(2, 62, 152, 17, 13),
(2, 62, 153, 17, 12),
(2, 62, 154, 17, 10),
(2, 62, 155, 17, 8),
(2, 62, 156, 17, 13),
(2, 62, 157, 17, 13),
(2, 62, 158, 17, 12),
(2, 62, 159, 17, 7),
(2, 62, 160, 17, 11),
(2, 62, 161, 17, 14),
(2, 62, 162, 17, 14),
(2, 72, 163, 17, 15),
(2, 72, 164, 17, 7),
(2, 72, 165, 17, 14),
(2, 72, 166, 17, 13),
(2, 72, 167, 17, 11),
(2, 72, 168, 17, 12),
(2, 72, 169, 17, 15),
(2, 72, 170, 17, 0),
(2, 72, 171, 17, 0),
(2, 72, 172, 17, 2),
(2, 72, 173, 17, 15),
(2, 72, 174, 17, 11),
(2, 72, 175, 17, 5),
(2, 72, 176, 17, 13),
(2, 72, 177, 17, 10),
(2, 72, 178, 17, 9),
(2, 72, 179, 17, 14),
(2, 72, 180, 17, 9),
(2, 72, 181, 17, 11),
(2, 72, 182, 17, 5),
(2, 72, 183, 17, 8),
(2, 72, 184, 17, 12),
(2, 72, 185, 17, 10),
(2, 72, 186, 17, 11),
(2, 72, 187, 17, 12),
(2, 72, 188, 17, 13),
(2, 72, 189, 17, 12),
(2, 72, 190, 17, 8),
(2, 72, 191, 17, 5),
(2, 72, 192, 17, 14),
(2, 72, 193, 17, 16),
(2, 72, 194, 17, 6),
(2, 72, 195, 17, 11),
(2, 72, 196, 17, 11),
(2, 72, 197, 17, 12),
(2, 72, 198, 17, 10),
(2, 72, 199, 17, 13),
(2, 72, 200, 17, 12),
(2, 72, 201, 17, 9),
(2, 72, 202, 17, 3),
(2, 72, 203, 17, 13),
(2, 72, 204, 17, 12),
(2, 72, 205, 17, 12),
(2, 72, 206, 17, 12),
(2, 72, 207, 17, 13),
(2, 72, 208, 17, 3),
(2, 72, 209, 17, 8),
(2, 72, 210, 17, 9),
(2, 72, 211, 17, 13),
(2, 72, 212, 17, 10),
(2, 72, 213, 17, 11),
(2, 72, 214, 17, 4),
(2, 72, 215, 17, 9),
(2, 72, 216, 17, 12),
(2, 61, 110, 19, 10),
(2, 61, 111, 19, 8),
(2, 61, 112, 19, 7),
(2, 61, 113, 19, 12),
(2, 61, 114, 19, 11),
(2, 61, 115, 19, 14),
(2, 61, 116, 19, 8),
(2, 61, 117, 19, 12),
(2, 61, 118, 19, 17),
(2, 61, 119, 19, 2),
(2, 61, 120, 19, 12),
(2, 61, 121, 19, 12),
(2, 61, 122, 19, 13),
(2, 61, 123, 19, 15),
(2, 61, 124, 19, 7),
(2, 61, 125, 19, 15),
(2, 61, 126, 19, 14),
(2, 61, 127, 19, 13),
(2, 61, 128, 19, 2),
(2, 61, 129, 19, 12),
(2, 61, 130, 19, 15),
(2, 61, 131, 19, 9),
(2, 61, 132, 19, 13),
(2, 61, 133, 19, 14),
(2, 61, 134, 19, 12),
(2, 61, 135, 19, 13),
(2, 61, 136, 19, 10),
(2, 61, 137, 19, 13),
(2, 61, 138, 19, 10),
(2, 61, 139, 19, 13),
(2, 61, 140, 19, 14),
(2, 61, 141, 19, 11),
(2, 61, 142, 19, 12),
(2, 61, 143, 19, 11),
(2, 61, 144, 19, 14),
(2, 61, 145, 19, 14),
(2, 61, 146, 19, 16),
(2, 61, 147, 19, 11),
(2, 61, 148, 19, 14),
(2, 61, 149, 19, 11),
(2, 61, 150, 19, 13),
(2, 61, 151, 19, 9),
(2, 61, 152, 19, 13),
(2, 61, 153, 19, 14),
(2, 61, 154, 19, 9),
(2, 61, 155, 19, 6),
(2, 61, 156, 19, 13),
(2, 61, 157, 19, 13),
(2, 61, 158, 19, 13),
(2, 61, 159, 19, 8),
(2, 61, 160, 19, 13),
(2, 61, 161, 19, 14),
(2, 61, 162, 19, 14),
(2, 71, 163, 19, 16),
(2, 71, 164, 19, 11),
(2, 71, 165, 19, 15),
(2, 71, 166, 19, 10),
(2, 71, 167, 19, 13),
(2, 71, 168, 19, 12),
(2, 71, 169, 19, 15),
(2, 71, 170, 19, 0),
(2, 71, 171, 19, 5),
(2, 71, 172, 19, 3),
(2, 71, 173, 19, 16),
(2, 71, 174, 19, 11),
(2, 71, 175, 19, 7),
(2, 71, 176, 19, 10),
(2, 71, 177, 19, 10),
(2, 71, 178, 19, 12),
(2, 71, 179, 19, 16),
(2, 71, 180, 19, 10),
(2, 71, 181, 19, 9),
(2, 71, 182, 19, 6),
(2, 71, 183, 19, 7),
(2, 71, 184, 19, 11),
(2, 71, 185, 19, 14),
(2, 71, 186, 19, 11),
(2, 71, 187, 19, 12),
(2, 71, 188, 19, 13),
(2, 71, 189, 19, 12),
(2, 71, 190, 19, 8),
(2, 71, 191, 19, 7),
(2, 71, 192, 19, 15),
(2, 71, 193, 19, 18),
(2, 71, 194, 19, 7),
(2, 71, 195, 19, 7),
(2, 71, 196, 19, 14),
(2, 71, 197, 19, 13),
(2, 71, 198, 19, 13),
(2, 71, 199, 19, 12),
(2, 71, 200, 19, 11),
(2, 71, 201, 19, 10),
(2, 71, 202, 19, 5),
(2, 71, 203, 19, 12),
(2, 71, 204, 19, 14),
(2, 71, 205, 19, 13),
(2, 71, 206, 19, 14),
(2, 71, 207, 19, 16),
(2, 71, 208, 19, 5),
(2, 71, 209, 19, 8),
(2, 71, 210, 19, 14),
(2, 71, 211, 19, 13),
(2, 71, 212, 19, 9),
(2, 71, 213, 19, 10),
(2, 71, 214, 19, 6),
(2, 71, 215, 19, 11),
(2, 71, 216, 19, 14),
(2, 64, 110, 15, 5),
(2, 64, 111, 15, 6),
(2, 64, 112, 15, 5),
(2, 64, 113, 15, 11),
(2, 64, 114, 15, 8),
(2, 64, 115, 15, 9),
(2, 64, 116, 15, 7),
(2, 64, 117, 15, 10),
(2, 64, 118, 15, 12),
(2, 64, 119, 15, 0),
(2, 64, 120, 15, 11),
(2, 64, 121, 15, 9),
(2, 64, 122, 15, 6),
(2, 64, 123, 15, 11),
(2, 64, 124, 15, 6),
(2, 64, 125, 15, 13),
(2, 64, 126, 15, 11),
(2, 64, 127, 15, 8),
(2, 64, 128, 15, 2),
(2, 64, 129, 15, 11),
(2, 64, 130, 15, 11),
(2, 64, 131, 15, 5),
(2, 64, 132, 15, 8),
(2, 64, 133, 15, 13),
(2, 64, 134, 15, 9),
(2, 64, 135, 15, 10),
(2, 64, 136, 15, 7),
(2, 64, 137, 15, 8),
(2, 64, 138, 15, 9),
(2, 64, 139, 15, 10),
(2, 64, 140, 15, 10),
(2, 64, 141, 15, 9),
(2, 64, 142, 15, 8),
(2, 64, 143, 15, 9),
(2, 64, 144, 15, 10),
(2, 64, 145, 15, 11),
(2, 64, 146, 15, 11),
(2, 64, 147, 15, 9),
(2, 64, 148, 15, 9),
(2, 64, 149, 15, 6),
(2, 64, 150, 15, 8),
(2, 64, 151, 15, 6),
(2, 64, 152, 15, 11),
(2, 64, 153, 15, 11),
(2, 64, 154, 15, 5),
(2, 64, 155, 15, 6),
(2, 64, 156, 15, 10),
(2, 64, 157, 15, 11),
(2, 64, 158, 15, 8),
(2, 64, 159, 15, 6),
(2, 64, 160, 15, 9),
(2, 64, 161, 15, 11),
(2, 64, 162, 15, 11),
(2, 74, 163, 15, 13),
(2, 74, 164, 15, 8),
(2, 74, 165, 15, 11),
(2, 74, 166, 15, 9),
(2, 74, 167, 15, 11),
(2, 74, 168, 15, 11),
(2, 74, 169, 15, 11),
(2, 74, 170, 15, 0),
(2, 74, 171, 15, 1),
(2, 74, 172, 15, 2),
(2, 74, 173, 15, 12),
(2, 74, 174, 15, 10),
(2, 74, 175, 15, 8),
(2, 74, 176, 15, 11),
(2, 74, 177, 15, 9),
(2, 74, 178, 15, 9),
(2, 74, 179, 15, 12),
(2, 74, 180, 15, 9),
(2, 74, 181, 15, 10),
(2, 74, 182, 15, 8),
(2, 74, 183, 15, 6),
(2, 74, 184, 15, 12),
(2, 74, 185, 15, 11),
(2, 74, 186, 15, 9),
(2, 74, 187, 15, 11),
(2, 74, 188, 15, 12),
(2, 74, 189, 15, 10),
(2, 74, 190, 15, 10),
(2, 74, 191, 15, 5),
(2, 74, 192, 15, 12),
(2, 74, 193, 15, 14),
(2, 74, 194, 15, 8),
(2, 74, 195, 15, 9),
(2, 74, 196, 15, 9),
(2, 74, 197, 15, 11),
(2, 74, 198, 15, 8),
(2, 74, 199, 15, 10),
(2, 74, 200, 15, 11),
(2, 74, 201, 15, 8),
(2, 74, 202, 15, 4),
(2, 74, 203, 15, 12),
(2, 74, 204, 15, 13),
(2, 74, 205, 15, 11),
(2, 74, 206, 15, 12),
(2, 74, 207, 15, 9),
(2, 74, 208, 15, 2),
(2, 74, 209, 15, 5),
(2, 74, 210, 15, 10),
(2, 74, 211, 15, 11),
(2, 74, 212, 15, 9),
(2, 74, 213, 15, 11),
(2, 74, 214, 15, 4),
(2, 74, 215, 15, 10),
(2, 74, 216, 15, 9),
(2, 68, 110, 6, 4),
(2, 68, 111, 6, 4),
(2, 68, 112, 6, 3),
(2, 68, 113, 6, 4),
(2, 68, 114, 6, 4),
(2, 68, 115, 6, 5),
(2, 68, 116, 6, 5),
(2, 68, 117, 6, 5),
(2, 68, 118, 6, 4),
(2, 68, 119, 6, 0),
(2, 68, 120, 6, 4),
(2, 68, 121, 6, 4),
(2, 68, 122, 6, 2),
(2, 68, 123, 6, 2),
(2, 68, 124, 6, 2),
(2, 68, 125, 6, 5),
(2, 68, 126, 6, 4),
(2, 68, 127, 6, 4),
(2, 68, 128, 6, 1),
(2, 68, 129, 6, 3),
(2, 68, 130, 6, 5),
(2, 68, 131, 6, 2),
(2, 68, 132, 6, 4),
(2, 68, 133, 6, 3),
(2, 68, 134, 6, 3),
(2, 68, 135, 6, 3),
(2, 68, 136, 6, 4),
(2, 68, 137, 6, 5),
(2, 68, 138, 6, 4),
(2, 68, 139, 6, 5),
(2, 68, 140, 6, 4),
(2, 68, 141, 6, 4),
(2, 68, 142, 6, 4),
(2, 68, 143, 6, 4),
(2, 68, 144, 6, 4),
(2, 68, 145, 6, 5),
(2, 68, 146, 6, 6),
(2, 68, 147, 6, 2),
(2, 68, 148, 6, 5),
(2, 68, 149, 6, 4),
(2, 68, 150, 6, 4),
(2, 68, 151, 6, 5),
(2, 68, 152, 6, 3),
(2, 68, 153, 6, 3),
(2, 68, 154, 6, 3),
(2, 68, 155, 6, 5),
(2, 68, 156, 6, 4),
(2, 68, 157, 6, 4),
(2, 68, 158, 6, 4),
(2, 68, 159, 6, 2),
(2, 68, 160, 6, 3),
(2, 68, 161, 6, 5),
(2, 68, 162, 6, 5),
(2, 78, 163, 3, 2),
(2, 78, 164, 3, 2),
(2, 78, 165, 3, 3),
(2, 78, 166, 3, 3),
(2, 78, 167, 3, 3),
(2, 78, 168, 3, 2),
(2, 78, 169, 3, 3),
(2, 78, 170, 3, 0),
(2, 78, 171, 3, 0),
(2, 78, 172, 3, 1),
(2, 78, 173, 3, 3),
(2, 78, 174, 3, 2),
(2, 78, 175, 3, 0),
(2, 78, 176, 3, 2),
(2, 78, 177, 3, 2),
(2, 78, 178, 3, 2),
(2, 78, 179, 3, 3),
(2, 78, 180, 3, 1),
(2, 78, 181, 3, 2),
(2, 78, 182, 3, 1),
(2, 78, 183, 3, 1),
(2, 78, 184, 3, 1),
(2, 78, 185, 3, 1),
(2, 78, 186, 3, 2),
(2, 78, 187, 3, 2),
(2, 78, 188, 3, 2),
(2, 78, 189, 3, 1),
(2, 78, 190, 3, 2),
(2, 78, 191, 3, 0),
(2, 78, 192, 3, 1),
(2, 78, 193, 3, 3),
(2, 78, 194, 3, 3),
(2, 78, 195, 3, 2),
(2, 78, 196, 3, 2),
(2, 78, 197, 3, 2),
(2, 78, 198, 3, 3),
(2, 78, 199, 3, 3),
(2, 78, 200, 3, 2),
(2, 78, 201, 3, 2),
(2, 78, 202, 3, 1),
(2, 78, 203, 3, 2),
(2, 78, 204, 3, 2),
(2, 78, 205, 3, 2),
(2, 78, 206, 3, 3),
(2, 78, 207, 3, 3),
(2, 78, 208, 3, 0),
(2, 78, 209, 3, 2),
(2, 78, 210, 3, 2),
(2, 78, 211, 3, 3),
(2, 78, 212, 3, 2),
(2, 78, 213, 3, 2),
(2, 78, 214, 3, 2),
(2, 78, 215, 3, 2),
(2, 78, 216, 3, 3),
(2, 65, 110, 16, 9),
(2, 65, 111, 16, 8),
(2, 65, 112, 16, 6),
(2, 65, 113, 16, 13),
(2, 65, 114, 16, 9),
(2, 65, 115, 16, 14),
(2, 65, 116, 16, 8),
(2, 65, 117, 16, 11),
(2, 65, 118, 16, 7),
(2, 65, 119, 16, 0),
(2, 65, 120, 16, 12),
(2, 65, 121, 16, 10),
(2, 65, 122, 16, 9),
(2, 65, 123, 16, 12),
(2, 65, 124, 16, 5),
(2, 65, 125, 16, 13),
(2, 65, 126, 16, 13),
(2, 65, 127, 16, 10),
(2, 65, 128, 16, 0),
(2, 65, 129, 16, 12),
(2, 65, 130, 16, 14),
(2, 65, 131, 16, 8),
(2, 65, 132, 16, 12),
(2, 65, 133, 16, 14),
(2, 65, 134, 16, 11),
(2, 65, 135, 16, 11),
(2, 65, 136, 16, 9),
(2, 65, 137, 16, 12),
(2, 65, 138, 16, 8),
(2, 65, 139, 16, 12),
(2, 65, 140, 16, 12),
(2, 65, 141, 16, 10),
(2, 65, 142, 16, 11),
(2, 65, 143, 16, 8),
(2, 65, 144, 16, 11),
(2, 65, 145, 16, 13),
(2, 65, 146, 16, 13),
(2, 65, 147, 16, 11),
(2, 65, 148, 16, 12),
(2, 65, 149, 16, 10),
(2, 65, 150, 16, 13),
(2, 65, 151, 16, 10),
(2, 65, 152, 16, 13),
(2, 65, 153, 16, 11),
(2, 65, 154, 16, 7),
(2, 65, 155, 16, 6),
(2, 65, 156, 16, 13),
(2, 65, 157, 16, 12),
(2, 65, 158, 16, 11),
(2, 65, 159, 16, 6),
(2, 65, 160, 16, 12),
(2, 65, 161, 16, 13),
(2, 65, 162, 16, 13),
(2, 75, 163, 17, 16),
(2, 75, 164, 17, 8),
(2, 75, 165, 17, 15),
(2, 75, 166, 17, 12),
(2, 75, 167, 17, 12),
(2, 75, 168, 17, 12),
(2, 75, 169, 17, 15),
(2, 75, 170, 17, 0),
(2, 75, 171, 17, 1),
(2, 75, 172, 17, 3),
(2, 75, 173, 17, 15),
(2, 75, 174, 17, 11),
(2, 75, 175, 17, 5),
(2, 75, 176, 17, 12),
(2, 75, 177, 17, 10),
(2, 75, 178, 17, 10),
(2, 75, 179, 17, 14),
(2, 75, 180, 17, 10),
(2, 75, 181, 17, 9),
(2, 75, 182, 17, 7),
(2, 75, 183, 17, 7),
(2, 75, 184, 17, 13),
(2, 75, 185, 17, 14),
(2, 75, 186, 17, 11),
(2, 75, 187, 17, 13),
(2, 75, 188, 17, 12),
(2, 75, 189, 17, 13),
(2, 75, 190, 17, 10),
(2, 75, 191, 17, 8),
(2, 75, 192, 17, 16),
(2, 75, 193, 17, 17),
(2, 75, 194, 17, 11),
(2, 75, 195, 17, 10),
(2, 75, 196, 17, 12),
(2, 75, 197, 17, 13),
(2, 75, 198, 17, 8),
(2, 75, 199, 17, 12),
(2, 75, 200, 17, 11),
(2, 75, 201, 17, 10),
(2, 75, 202, 17, 4),
(2, 75, 203, 17, 13),
(2, 75, 204, 17, 12),
(2, 75, 205, 17, 11),
(2, 75, 206, 17, 8),
(2, 75, 207, 17, 11),
(2, 75, 208, 17, 4),
(2, 75, 209, 17, 7),
(2, 75, 210, 17, 12),
(2, 75, 211, 17, 14),
(2, 75, 212, 17, 12),
(2, 75, 213, 17, 10),
(2, 75, 214, 17, 4),
(2, 75, 215, 17, 10),
(2, 75, 216, 17, 11),
(2, 69, 110, 3, 1),
(2, 69, 111, 3, 0),
(2, 69, 112, 3, 1),
(2, 69, 113, 3, 1),
(2, 69, 114, 3, 3),
(2, 69, 115, 3, 1),
(2, 69, 116, 3, 1),
(2, 69, 117, 3, 2),
(2, 69, 118, 3, 2),
(2, 69, 119, 3, 0),
(2, 69, 120, 3, 2),
(2, 69, 121, 3, 2),
(2, 69, 122, 3, 2),
(2, 69, 123, 3, 2),
(2, 69, 124, 3, 1),
(2, 69, 125, 3, 2),
(2, 69, 126, 3, 2),
(2, 69, 127, 3, 2),
(2, 69, 128, 3, 2),
(2, 69, 129, 3, 1),
(2, 69, 130, 3, 2),
(2, 69, 131, 3, 1),
(2, 69, 132, 3, 3),
(2, 69, 133, 3, 2),
(2, 69, 134, 3, 2),
(2, 69, 135, 3, 2),
(2, 69, 136, 3, 1),
(2, 69, 137, 3, 3),
(2, 69, 138, 3, 2),
(2, 69, 139, 3, 1),
(2, 69, 140, 3, 2),
(2, 69, 141, 3, 2),
(2, 69, 142, 3, 2),
(2, 69, 143, 3, 3),
(2, 69, 144, 3, 2),
(2, 69, 145, 3, 2),
(2, 69, 146, 3, 1),
(2, 69, 147, 3, 2),
(2, 69, 148, 3, 2),
(2, 69, 149, 3, 1),
(2, 69, 150, 3, 2),
(2, 69, 151, 3, 2),
(2, 69, 152, 3, 2),
(2, 69, 153, 3, 2),
(2, 69, 154, 3, 2),
(2, 69, 155, 3, 1),
(2, 69, 156, 3, 2),
(2, 69, 157, 3, 2),
(2, 69, 158, 3, 2),
(2, 69, 159, 3, 1),
(2, 69, 160, 3, 2),
(2, 69, 161, 3, 2),
(2, 69, 162, 3, 2),
(2, 79, 163, 5, 3),
(2, 79, 164, 5, 3),
(2, 79, 165, 5, 3),
(2, 79, 166, 5, 3),
(2, 79, 167, 5, 3),
(2, 79, 168, 5, 4),
(2, 79, 169, 5, 4),
(2, 79, 170, 5, 0),
(2, 79, 171, 5, 1),
(2, 79, 172, 5, 0),
(2, 79, 173, 5, 4),
(2, 79, 174, 5, 3),
(2, 79, 175, 5, 3),
(2, 79, 176, 5, 4),
(2, 79, 177, 5, 2),
(2, 79, 178, 5, 2),
(2, 79, 179, 5, 4),
(2, 79, 180, 5, 2),
(2, 79, 181, 5, 1),
(2, 79, 182, 5, 5),
(2, 79, 183, 5, 2),
(2, 79, 184, 5, 4),
(2, 79, 185, 5, 3),
(2, 79, 186, 5, 2),
(2, 79, 187, 5, 3),
(2, 79, 188, 5, 4),
(2, 79, 189, 5, 4),
(2, 79, 190, 5, 4),
(2, 79, 191, 5, 1),
(2, 79, 192, 5, 4),
(2, 79, 193, 5, 5),
(2, 79, 194, 5, 3),
(2, 79, 195, 5, 2),
(2, 79, 196, 5, 3),
(2, 79, 197, 5, 3),
(2, 79, 198, 5, 3),
(2, 79, 199, 5, 4),
(2, 79, 200, 5, 4),
(2, 79, 201, 5, 2),
(2, 79, 202, 5, 1),
(2, 79, 203, 5, 4),
(2, 79, 204, 5, 3),
(2, 79, 205, 5, 3),
(2, 79, 206, 5, 5),
(2, 79, 207, 5, 4),
(2, 79, 208, 5, 0),
(2, 79, 209, 5, 2),
(2, 79, 210, 5, 3),
(2, 79, 211, 5, 4),
(2, 79, 212, 5, 1),
(2, 79, 213, 5, 3),
(2, 79, 214, 5, 2),
(2, 79, 215, 5, 4),
(2, 79, 216, 5, 3),
(3, 63, 110, 13, 11),
(3, 63, 111, 13, 12),
(3, 63, 112, 13, 12),
(3, 63, 113, 13, 10),
(3, 63, 114, 13, 12),
(3, 63, 115, 13, 10),
(3, 63, 116, 13, 10),
(3, 63, 117, 13, 13),
(3, 63, 118, 13, 1),
(3, 63, 119, 13, 0),
(3, 63, 120, 13, 10),
(3, 63, 121, 13, 11),
(3, 63, 122, 13, 12),
(3, 63, 123, 13, 10),
(3, 63, 124, 13, 8),
(3, 63, 125, 13, 13),
(3, 63, 126, 13, 9),
(3, 63, 127, 13, 10),
(3, 63, 128, 13, 0),
(3, 63, 129, 13, 10),
(3, 63, 130, 13, 11),
(3, 63, 131, 13, 5),
(3, 63, 132, 13, 12),
(3, 63, 133, 13, 11),
(3, 63, 134, 13, 10),
(3, 63, 135, 13, 13),
(3, 63, 136, 13, 12),
(3, 63, 137, 13, 8),
(3, 63, 138, 13, 12),
(3, 63, 139, 13, 9),
(3, 63, 140, 13, 11),
(3, 63, 141, 13, 11),
(3, 63, 142, 13, 7),
(3, 63, 143, 13, 10),
(3, 63, 144, 13, 11),
(3, 63, 145, 13, 10),
(3, 63, 146, 13, 12),
(3, 63, 147, 13, 11),
(3, 63, 148, 13, 10),
(3, 63, 149, 13, 11),
(3, 63, 150, 13, 12),
(3, 63, 151, 13, 10),
(3, 63, 152, 13, 12),
(3, 63, 153, 13, 13),
(3, 63, 154, 13, 6),
(3, 63, 155, 13, 6),
(3, 63, 156, 13, 11),
(3, 63, 157, 13, 11),
(3, 63, 158, 13, 13),
(3, 63, 159, 13, 11),
(3, 63, 160, 13, 10),
(3, 63, 161, 13, 13),
(3, 63, 162, 13, 13),
(3, 73, 163, 12, 9),
(3, 73, 164, 12, 4),
(3, 73, 165, 12, 9),
(3, 73, 166, 12, 10),
(3, 73, 167, 12, 5),
(3, 73, 168, 12, 4),
(3, 73, 169, 12, 7),
(3, 73, 170, 12, 0),
(3, 73, 171, 12, 1),
(3, 73, 172, 12, -2),
(3, 73, 173, 12, 9),
(3, 73, 174, 12, 7),
(3, 73, 175, 12, 6),
(3, 73, 176, 12, 6),
(3, 73, 177, 12, 6),
(3, 73, 178, 12, 7),
(3, 73, 179, 12, 5),
(3, 73, 180, 12, 11),
(3, 73, 181, 12, 9),
(3, 73, 182, 12, 2),
(3, 73, 183, 12, 10),
(3, 73, 184, 12, 11),
(3, 73, 185, 12, 9),
(3, 73, 186, 12, 7),
(3, 73, 187, 12, 8),
(3, 73, 188, 12, 8),
(3, 73, 189, 12, 10),
(3, 73, 190, 12, 9),
(3, 73, 191, 12, 4),
(3, 73, 192, 12, 10),
(3, 73, 193, 12, 4),
(3, 73, 194, 12, 6),
(3, 73, 195, 12, 1),
(3, 73, 196, 12, 8),
(3, 73, 197, 12, 9),
(3, 73, 198, 12, 7),
(3, 73, 199, 12, 5),
(3, 73, 200, 12, 8),
(3, 73, 201, 12, 4),
(3, 73, 202, 12, 1),
(3, 73, 203, 12, 7),
(3, 73, 204, 12, 3),
(3, 73, 205, 12, 7),
(3, 73, 206, 12, 6),
(3, 73, 207, 12, 7),
(3, 73, 208, 12, 2),
(3, 73, 209, 12, 8),
(3, 73, 210, 12, 3),
(3, 73, 211, 12, 12),
(3, 73, 212, 12, 7),
(3, 73, 213, 12, 8),
(3, 73, 214, 12, 7),
(3, 73, 215, 12, 12),
(3, 73, 216, 12, 4),
(3, 64, 110, 13, 12),
(3, 64, 111, 13, 13),
(3, 64, 112, 13, 12),
(3, 64, 113, 13, 12),
(3, 64, 114, 13, 12),
(3, 64, 115, 13, 11),
(3, 64, 116, 13, 11),
(3, 64, 117, 13, 14),
(3, 64, 118, 13, 2),
(3, 64, 119, 13, 0),
(3, 64, 120, 13, 11),
(3, 64, 121, 13, 11),
(3, 64, 122, 13, 14),
(3, 64, 123, 13, 11),
(3, 64, 124, 13, 8),
(3, 64, 125, 13, 12),
(3, 64, 126, 13, 9),
(3, 64, 127, 13, 11),
(3, 64, 128, 13, 0),
(3, 64, 129, 13, 13),
(3, 64, 130, 13, 12),
(3, 64, 131, 13, 7),
(3, 64, 132, 13, 14),
(3, 64, 133, 13, 12),
(3, 64, 134, 13, 10),
(3, 64, 135, 13, 14),
(3, 64, 136, 13, 10),
(3, 64, 137, 13, 7),
(3, 64, 138, 13, 11),
(3, 64, 139, 13, 7),
(3, 64, 140, 13, 14),
(3, 64, 141, 13, 10),
(3, 64, 142, 13, 11),
(3, 64, 143, 13, 11),
(3, 64, 144, 13, 11),
(3, 64, 145, 13, 9),
(3, 64, 146, 13, 12),
(3, 64, 147, 13, 14),
(3, 64, 148, 13, 11),
(3, 64, 149, 13, 12),
(3, 64, 150, 13, 14),
(3, 64, 151, 13, 11),
(3, 64, 152, 13, 14),
(3, 64, 153, 13, 14),
(3, 64, 154, 13, 6),
(3, 64, 155, 13, 5),
(3, 64, 156, 13, 12),
(3, 64, 157, 13, 11),
(3, 64, 158, 13, 13),
(3, 64, 159, 13, 11),
(3, 64, 160, 13, 9),
(3, 64, 161, 13, 12),
(3, 64, 162, 13, 13),
(3, 74, 163, 17, 15),
(3, 74, 164, 17, 4),
(3, 74, 165, 17, 14),
(3, 74, 166, 17, 15),
(3, 74, 167, 17, 14),
(3, 74, 168, 17, 4),
(3, 74, 169, 17, 11),
(3, 74, 170, 17, 1),
(3, 74, 171, 17, 2),
(3, 74, 172, 17, 0),
(3, 74, 173, 17, 12),
(3, 74, 174, 17, 13),
(3, 74, 175, 17, 8),
(3, 74, 176, 17, 13),
(3, 74, 177, 17, 7),
(3, 74, 178, 17, 5),
(3, 74, 179, 17, 13),
(3, 74, 180, 17, 16),
(3, 74, 181, 17, 13),
(3, 74, 182, 17, 3),
(3, 74, 183, 17, 13),
(3, 74, 184, 17, 14),
(3, 74, 185, 17, 13),
(3, 74, 186, 17, 9),
(3, 74, 187, 17, 10),
(3, 74, 188, 17, 14),
(3, 74, 189, 17, 15),
(3, 74, 190, 17, 13),
(3, 74, 191, 17, 14),
(3, 74, 192, 17, 12),
(3, 74, 193, 17, 14),
(3, 74, 194, 17, 5),
(3, 74, 195, 17, 1),
(3, 74, 196, 17, 15),
(3, 74, 197, 17, 15),
(3, 74, 198, 17, 12),
(3, 74, 199, 17, 10),
(3, 74, 200, 17, 14),
(3, 74, 201, 17, 8),
(3, 74, 202, 17, 3),
(3, 74, 203, 17, 12),
(3, 74, 204, 17, 6),
(3, 74, 205, 17, 9),
(3, 74, 206, 17, 13),
(3, 74, 207, 17, 11),
(3, 74, 208, 17, 3),
(3, 74, 209, 17, 11),
(3, 74, 210, 17, 6),
(3, 74, 211, 17, 17),
(3, 74, 212, 17, 11),
(3, 74, 213, 17, 11),
(3, 74, 214, 17, 9),
(3, 74, 215, 17, 17),
(3, 74, 216, 17, 9),
(3, 68, 110, 3, 2),
(3, 68, 111, 3, 2),
(3, 68, 112, 3, 1),
(3, 68, 113, 3, 3),
(3, 68, 114, 3, 2),
(3, 68, 115, 3, 3),
(3, 68, 116, 3, 2),
(3, 68, 117, 3, 3),
(3, 68, 118, 3, 1),
(3, 68, 119, 3, 0),
(3, 68, 120, 3, 2),
(3, 68, 121, 3, 3),
(3, 68, 122, 3, 2),
(3, 68, 123, 3, 2),
(3, 68, 124, 3, 1),
(3, 68, 125, 3, 2),
(3, 68, 126, 3, 1),
(3, 68, 127, 3, 3),
(3, 68, 128, 3, 0),
(3, 68, 129, 3, 3),
(3, 68, 130, 3, 3),
(3, 68, 131, 3, 1),
(3, 68, 132, 3, 3),
(3, 68, 133, 3, 2),
(3, 68, 134, 3, 3),
(3, 68, 135, 3, 3),
(3, 68, 136, 3, 2),
(3, 68, 137, 3, 2),
(3, 68, 138, 3, 3),
(3, 68, 139, 3, 2),
(3, 68, 140, 3, 3),
(3, 68, 141, 3, 3),
(3, 68, 142, 3, 3),
(3, 68, 143, 3, 2),
(3, 68, 144, 3, 2),
(3, 68, 145, 3, 2),
(3, 68, 146, 3, 2),
(3, 68, 147, 3, 2),
(3, 68, 148, 3, 2),
(3, 68, 149, 3, 3),
(3, 68, 150, 3, 3),
(3, 68, 151, 3, 2),
(3, 68, 152, 3, 3),
(3, 68, 153, 3, 2),
(3, 68, 154, 3, 2),
(3, 68, 155, 3, 2),
(3, 68, 156, 3, 2),
(3, 68, 157, 3, 3),
(3, 68, 158, 3, 3),
(3, 68, 159, 3, 2),
(3, 68, 160, 3, 2),
(3, 68, 161, 3, 3),
(3, 68, 162, 3, 3),
(3, 78, 163, 4, 3),
(3, 78, 164, 4, 4),
(3, 78, 165, 4, 4),
(3, 78, 166, 4, 4),
(3, 78, 167, 4, 2),
(3, 78, 168, 4, 4),
(3, 78, 169, 4, 3),
(3, 78, 170, 4, 0),
(3, 78, 171, 4, 3),
(3, 78, 172, 4, 0),
(3, 78, 173, 4, 3),
(3, 78, 174, 4, 3),
(3, 78, 175, 4, 3),
(3, 78, 176, 4, 2),
(3, 78, 177, 4, 3),
(3, 78, 178, 4, 3),
(3, 78, 179, 4, 3),
(3, 78, 180, 4, 2),
(3, 78, 181, 4, 4),
(3, 78, 182, 4, 3),
(3, 78, 183, 4, 3),
(3, 78, 184, 4, 3),
(3, 78, 185, 4, 4),
(3, 78, 186, 4, 3),
(3, 78, 187, 4, 3),
(3, 78, 188, 4, 2),
(3, 78, 189, 4, 4),
(3, 78, 190, 4, 4),
(3, 78, 191, 4, 0),
(3, 78, 192, 4, 4),
(3, 78, 193, 4, 4),
(3, 78, 194, 4, 3),
(3, 78, 195, 4, 0),
(3, 78, 196, 4, 4),
(3, 78, 197, 4, 4),
(3, 78, 198, 4, 3),
(3, 78, 199, 4, 1),
(3, 78, 200, 4, 2),
(3, 78, 201, 4, 1),
(3, 78, 202, 4, 2),
(3, 78, 203, 4, 3),
(3, 78, 204, 4, 2),
(3, 78, 205, 4, 0),
(3, 78, 206, 4, 4),
(3, 78, 207, 4, 3),
(3, 78, 208, 4, 2),
(3, 78, 209, 4, 3),
(3, 78, 210, 4, 3),
(3, 78, 211, 4, 4),
(3, 78, 212, 4, 3),
(3, 78, 213, 4, 4),
(3, 78, 214, 4, 3),
(3, 78, 215, 4, 4),
(3, 78, 216, 4, 3),
(3, 67, 110, 2, 2),
(3, 67, 111, 2, 2),
(3, 67, 112, 2, 2),
(3, 67, 113, 2, 2),
(3, 67, 114, 2, 2),
(3, 67, 115, 2, 2),
(3, 67, 116, 2, 2),
(3, 67, 117, 2, 2),
(3, 67, 118, 2, 0),
(3, 67, 119, 2, 0),
(3, 67, 120, 2, 2),
(3, 67, 121, 2, 2),
(3, 67, 122, 2, 1),
(3, 67, 123, 2, 0),
(3, 67, 124, 2, 2),
(3, 67, 125, 2, 2),
(3, 67, 126, 2, 2),
(3, 67, 127, 2, 1),
(3, 67, 128, 2, 0),
(3, 67, 129, 2, 2),
(3, 67, 130, 2, 2),
(3, 67, 131, 2, 1),
(3, 67, 132, 2, 2),
(3, 67, 133, 2, 2),
(3, 67, 134, 2, 2),
(3, 67, 135, 2, 1),
(3, 67, 136, 2, 2),
(3, 67, 137, 2, 1),
(3, 67, 138, 2, 2),
(3, 67, 139, 2, 2),
(3, 67, 140, 2, 2),
(3, 67, 141, 2, 2),
(3, 67, 142, 2, 2),
(3, 67, 143, 2, 1),
(3, 67, 144, 2, 2),
(3, 67, 145, 2, 1),
(3, 67, 146, 2, 2),
(3, 67, 147, 2, 1),
(3, 67, 148, 2, 1),
(3, 67, 149, 2, 1),
(3, 67, 150, 2, 2),
(3, 67, 151, 2, 1),
(3, 67, 152, 2, 2),
(3, 67, 153, 2, 2),
(3, 67, 154, 2, 0),
(3, 67, 155, 2, 2),
(3, 67, 156, 2, 2),
(3, 67, 157, 2, 2),
(3, 67, 158, 2, 2),
(3, 67, 159, 2, 2),
(3, 67, 160, 2, 1),
(3, 67, 161, 2, 2),
(3, 67, 162, 2, 2),
(3, 76, 163, 15, 13),
(3, 76, 164, 15, 6),
(3, 76, 165, 15, 12),
(3, 76, 166, 15, 13),
(3, 76, 167, 15, 13),
(3, 76, 168, 15, 3),
(3, 76, 169, 15, 13),
(3, 76, 170, 15, 1),
(3, 76, 171, 15, 3),
(3, 76, 172, 15, 0),
(3, 76, 173, 15, 13),
(3, 76, 174, 15, 11),
(3, 76, 175, 15, 7),
(3, 76, 176, 15, 12),
(3, 76, 177, 15, 8),
(3, 76, 178, 15, 7),
(3, 76, 179, 15, 13),
(3, 76, 180, 15, 14),
(3, 76, 181, 15, 11),
(3, 76, 182, 15, 3),
(3, 76, 183, 15, 12),
(3, 76, 184, 15, 10),
(3, 76, 185, 15, 13),
(3, 76, 186, 15, 10),
(3, 76, 187, 15, 9),
(3, 76, 188, 15, 13),
(3, 76, 189, 15, 12),
(3, 76, 190, 15, 11),
(3, 76, 191, 15, 4),
(3, 76, 192, 15, 12),
(3, 76, 193, 15, 11),
(3, 76, 194, 15, 7),
(3, 76, 195, 15, 2),
(3, 76, 196, 15, 13),
(3, 76, 197, 15, 14),
(3, 76, 198, 15, 11),
(3, 76, 199, 15, 9),
(3, 76, 200, 15, 11),
(3, 76, 201, 15, 5),
(3, 76, 202, 15, 5),
(3, 76, 203, 15, 10),
(3, 76, 204, 15, 8),
(3, 76, 205, 15, 9),
(3, 76, 206, 15, 12),
(3, 76, 207, 15, 11),
(3, 76, 208, 15, 4),
(3, 76, 209, 15, 11),
(3, 76, 210, 15, 7),
(3, 76, 211, 15, 14),
(3, 76, 212, 15, 9),
(3, 76, 213, 15, 10),
(3, 76, 214, 15, 8),
(3, 76, 215, 15, 15),
(3, 76, 216, 15, 8),
(3, 77, 163, 3, 3),
(3, 77, 164, 3, 1),
(3, 77, 165, 3, 3),
(3, 77, 166, 3, 3),
(3, 77, 167, 3, 2),
(3, 77, 168, 3, 3),
(3, 77, 169, 3, 3),
(3, 77, 170, 3, 1),
(3, 77, 171, 3, 3),
(3, 77, 172, 3, 0),
(3, 77, 173, 3, 3),
(3, 77, 174, 3, 3),
(3, 77, 175, 3, 3),
(3, 77, 176, 3, 3),
(3, 77, 177, 3, 2),
(3, 77, 178, 3, 2),
(3, 77, 179, 3, 3),
(3, 77, 180, 3, 3),
(3, 77, 181, 3, 3),
(3, 77, 182, 3, 2),
(3, 77, 183, 3, 3),
(3, 77, 184, 3, 3),
(3, 77, 185, 3, 3),
(3, 77, 186, 3, 1),
(3, 77, 187, 3, 3),
(3, 77, 188, 3, 3),
(3, 77, 189, 3, 2),
(3, 77, 190, 3, 3),
(3, 77, 191, 3, 0),
(3, 77, 192, 3, 2),
(3, 77, 193, 3, 3),
(3, 77, 194, 3, 3),
(3, 77, 195, 3, 0),
(3, 77, 196, 3, 3),
(3, 77, 197, 3, 3),
(3, 77, 198, 3, 1),
(3, 77, 199, 3, 3),
(3, 77, 200, 3, 3),
(3, 77, 201, 3, 3),
(3, 77, 202, 3, 2),
(3, 77, 203, 3, 2),
(3, 77, 204, 3, 2),
(3, 77, 205, 3, 2),
(3, 77, 206, 3, 3),
(3, 77, 207, 3, 3),
(3, 77, 208, 3, 0),
(3, 77, 209, 3, 3),
(3, 77, 210, 3, 3),
(3, 77, 211, 3, 3),
(3, 77, 212, 3, 1),
(3, 77, 213, 3, 2),
(3, 77, 214, 3, 2),
(3, 77, 215, 3, 3),
(3, 77, 216, 3, 2),
(3, 70, 110, 3, 3),
(3, 70, 111, 3, 3),
(3, 70, 112, 3, 3),
(3, 70, 113, 3, 3),
(3, 70, 114, 3, 2),
(3, 70, 115, 3, 3),
(3, 70, 116, 3, 3),
(3, 70, 117, 3, 3),
(3, 70, 118, 3, 0),
(3, 70, 119, 3, 0),
(3, 70, 120, 3, 2),
(3, 70, 121, 3, 3),
(3, 70, 122, 3, 3),
(3, 70, 123, 3, 2),
(3, 70, 124, 3, 2),
(3, 70, 125, 3, 3),
(3, 70, 126, 3, 2),
(3, 70, 127, 3, 3),
(3, 70, 128, 3, 0),
(3, 70, 129, 3, 2),
(3, 70, 130, 3, 2),
(3, 70, 131, 3, 0),
(3, 70, 132, 3, 3),
(3, 70, 133, 3, 2),
(3, 70, 134, 3, 2),
(3, 70, 135, 3, 3),
(3, 70, 136, 3, 3),
(3, 70, 137, 3, 2),
(3, 70, 138, 3, 3),
(3, 70, 139, 3, 2),
(3, 70, 140, 3, 3),
(3, 70, 141, 3, 2),
(3, 70, 142, 3, 2),
(3, 70, 143, 3, 3),
(3, 70, 144, 3, 3),
(3, 70, 145, 3, 2),
(3, 70, 146, 3, 3),
(3, 70, 147, 3, 2),
(3, 70, 148, 3, 2),
(3, 70, 149, 3, 3),
(3, 70, 150, 3, 2),
(3, 70, 151, 3, 3),
(3, 70, 152, 3, 2),
(3, 70, 153, 3, 3),
(3, 70, 154, 3, 3),
(3, 70, 155, 3, 2),
(3, 70, 156, 3, 2),
(3, 70, 157, 3, 3),
(3, 70, 158, 3, 3),
(3, 70, 159, 3, 2),
(3, 70, 160, 3, 2),
(3, 70, 161, 3, 3),
(3, 70, 162, 3, 3),
(2, 80, 163, 5, 4),
(2, 80, 164, 5, 1),
(2, 80, 165, 5, 4),
(2, 80, 166, 5, 4),
(2, 80, 167, 5, 1),
(2, 80, 168, 5, 3),
(2, 80, 169, 5, 4),
(2, 80, 170, 5, 0),
(2, 80, 171, 5, 3),
(2, 80, 172, 5, 0),
(2, 80, 173, 5, 4),
(2, 80, 174, 5, 3),
(2, 80, 175, 5, 1),
(2, 80, 176, 5, 3),
(2, 80, 177, 5, 2),
(2, 80, 178, 5, 2),
(2, 80, 179, 5, 4),
(2, 80, 180, 5, 2),
(2, 80, 181, 5, 3),
(2, 80, 182, 5, 2),
(2, 80, 183, 5, 1),
(2, 80, 184, 5, 4),
(2, 80, 185, 5, 2),
(2, 80, 186, 5, 1),
(2, 80, 187, 5, 2),
(2, 80, 188, 5, 2),
(2, 80, 189, 5, 4),
(2, 80, 190, 5, 3),
(2, 80, 191, 5, 1),
(2, 80, 192, 5, 4),
(2, 80, 193, 5, 4),
(2, 80, 194, 5, 2),
(2, 80, 195, 5, 4),
(2, 80, 196, 5, 2),
(2, 80, 197, 5, 3),
(2, 80, 198, 5, 4),
(2, 80, 199, 5, 3),
(2, 80, 200, 5, 3),
(2, 80, 201, 5, 3),
(2, 80, 202, 5, 1),
(2, 80, 203, 5, 3),
(2, 80, 204, 5, 3),
(2, 80, 205, 5, 3),
(2, 80, 206, 5, 4),
(2, 80, 207, 5, 2),
(2, 80, 208, 5, 0),
(2, 80, 209, 5, 2),
(2, 80, 210, 5, 3),
(2, 80, 211, 5, 3),
(2, 80, 212, 5, 1),
(2, 80, 213, 5, 3),
(2, 80, 214, 5, 1),
(2, 80, 215, 5, 2),
(2, 80, 216, 5, 3),
(3, 80, 163, 5, 4),
(3, 80, 164, 5, 4),
(3, 80, 165, 5, 5),
(3, 80, 166, 5, 5),
(3, 80, 167, 5, 4),
(3, 80, 168, 5, 5),
(3, 80, 169, 5, 3),
(3, 80, 170, 5, 0),
(3, 80, 171, 5, 1),
(3, 80, 172, 5, 0),
(3, 80, 173, 5, 4),
(3, 80, 174, 5, 5),
(3, 80, 175, 5, 3),
(3, 80, 176, 5, 4),
(3, 80, 177, 5, 2),
(3, 80, 178, 5, 4),
(3, 80, 179, 5, 4),
(3, 80, 180, 5, 5),
(3, 80, 181, 5, 5),
(3, 80, 182, 5, 3),
(3, 80, 183, 5, 5),
(3, 80, 184, 5, 3),
(3, 80, 185, 5, 4),
(3, 80, 186, 5, 3),
(3, 80, 187, 5, 3),
(3, 80, 188, 5, 2),
(3, 80, 189, 5, 4),
(3, 80, 190, 5, 4),
(3, 80, 191, 5, 2),
(3, 80, 192, 5, 4),
(3, 80, 193, 5, 5),
(3, 80, 194, 5, 4),
(3, 80, 195, 5, 0),
(3, 80, 196, 5, 4),
(3, 80, 197, 5, 5),
(3, 80, 198, 5, 5),
(3, 80, 199, 5, 3),
(3, 80, 200, 5, 5),
(3, 80, 201, 5, 4),
(3, 80, 202, 5, 1),
(3, 80, 203, 5, 4),
(3, 80, 204, 5, 1),
(3, 80, 205, 5, 3),
(3, 80, 206, 5, 4),
(3, 80, 207, 5, 4),
(3, 80, 208, 5, 1),
(3, 80, 209, 5, 5),
(3, 80, 210, 5, 4),
(3, 80, 211, 5, 5),
(3, 80, 212, 5, 2),
(3, 80, 213, 5, 5),
(3, 80, 214, 5, 3),
(3, 80, 215, 5, 5),
(3, 80, 216, 5, 3),
(3, 62, 110, 16, 12),
(3, 62, 111, 16, 12),
(3, 62, 112, 16, 12),
(3, 62, 113, 16, 14),
(3, 62, 114, 16, 13),
(3, 62, 115, 16, 11),
(3, 62, 116, 16, 11),
(3, 62, 117, 16, 15),
(3, 62, 118, 16, 3),
(3, 62, 119, 16, 0),
(3, 62, 120, 16, 12),
(3, 62, 121, 16, 13),
(3, 62, 122, 16, 15),
(3, 62, 123, 16, 14),
(3, 62, 124, 16, 9),
(3, 62, 125, 16, 11),
(3, 62, 126, 16, 9),
(3, 62, 127, 16, 15),
(3, 62, 128, 16, 0),
(3, 62, 129, 16, 13),
(3, 62, 130, 16, 10),
(3, 62, 131, 16, 8),
(3, 62, 132, 16, 14),
(3, 62, 133, 16, 12),
(3, 62, 134, 16, 9),
(3, 62, 135, 16, 16),
(3, 62, 136, 16, 9),
(3, 62, 137, 16, 7),
(3, 62, 138, 16, 10),
(3, 62, 139, 16, 10),
(3, 62, 140, 16, 14),
(3, 62, 141, 16, 12),
(3, 62, 142, 16, 13),
(3, 62, 143, 16, 8),
(3, 62, 144, 16, 9),
(3, 62, 145, 16, 13),
(3, 62, 146, 16, 11),
(3, 62, 147, 16, 12),
(3, 62, 148, 16, 14),
(3, 62, 149, 16, 14),
(3, 62, 150, 16, 15),
(3, 62, 151, 16, 12),
(3, 62, 152, 16, 16),
(3, 62, 153, 16, 16),
(3, 62, 154, 16, 9),
(3, 62, 155, 16, 7),
(3, 62, 156, 16, 15),
(3, 62, 157, 16, 13),
(3, 62, 158, 16, 15),
(3, 62, 159, 16, 11),
(3, 62, 160, 16, 11),
(3, 62, 161, 16, 16),
(3, 62, 162, 16, 16),
(3, 72, 163, 14, 10),
(3, 72, 164, 14, 6),
(3, 72, 165, 14, 11),
(3, 72, 166, 14, 13),
(3, 72, 167, 14, 11),
(3, 72, 168, 14, 4),
(3, 72, 169, 14, 9),
(3, 72, 170, 14, 0),
(3, 72, 171, 14, 2),
(3, 72, 172, 14, 0),
(3, 72, 173, 14, 9),
(3, 72, 174, 14, 9),
(3, 72, 175, 14, 6),
(3, 72, 176, 14, 10),
(3, 72, 177, 14, 6),
(3, 72, 178, 14, 7),
(3, 72, 179, 14, 12),
(3, 72, 180, 14, 12),
(3, 72, 181, 14, 12),
(3, 72, 182, 14, 1),
(3, 72, 183, 14, 11),
(3, 72, 184, 14, 8),
(3, 72, 185, 14, 11),
(3, 72, 186, 14, 8),
(3, 72, 187, 14, 9),
(3, 72, 188, 14, 8),
(3, 72, 189, 14, 10),
(3, 72, 190, 14, 12),
(3, 72, 191, 14, 4),
(3, 72, 192, 14, 12),
(3, 72, 193, 14, 13),
(3, 72, 194, 14, 6),
(3, 72, 195, 14, 0),
(3, 72, 196, 14, 10),
(3, 72, 197, 14, 12),
(3, 72, 198, 14, 11),
(3, 72, 199, 14, 8),
(3, 72, 200, 14, 9),
(3, 72, 201, 14, 4),
(3, 72, 202, 14, 3),
(3, 72, 203, 14, 10),
(3, 72, 204, 14, 4),
(3, 72, 205, 14, 6),
(3, 72, 206, 14, 8),
(3, 72, 207, 14, 7),
(3, 72, 208, 14, 4),
(3, 72, 209, 14, 10),
(3, 72, 210, 14, 4),
(3, 72, 211, 14, 13),
(3, 72, 212, 14, 9),
(3, 72, 213, 14, 11),
(3, 72, 214, 14, 7),
(3, 72, 215, 14, 14),
(3, 72, 216, 14, 9),
(3, 65, 110, 15, 11),
(3, 65, 111, 15, 12),
(3, 65, 112, 15, 14),
(3, 65, 113, 15, 13),
(3, 65, 114, 15, 12),
(3, 65, 115, 15, 12),
(3, 65, 116, 15, 12),
(3, 65, 117, 15, 14),
(3, 65, 118, 15, 1),
(3, 65, 119, 15, 0),
(3, 65, 120, 15, 14),
(3, 65, 121, 15, 13),
(3, 65, 122, 15, 14),
(3, 65, 123, 15, 10),
(3, 65, 124, 15, 8),
(3, 65, 125, 15, 8),
(3, 65, 126, 15, 9),
(3, 65, 127, 15, 13),
(3, 65, 128, 15, 0),
(3, 65, 129, 15, 13),
(3, 65, 130, 15, 12),
(3, 65, 131, 15, 11),
(3, 65, 132, 15, 14),
(3, 65, 133, 15, 17),
(3, 65, 134, 15, 7),
(3, 65, 135, 15, 14),
(3, 65, 136, 15, 10),
(3, 65, 137, 15, 6),
(3, 65, 138, 15, 10),
(3, 65, 139, 15, 8),
(3, 65, 140, 15, 13),
(3, 65, 141, 15, 12),
(3, 65, 142, 15, 0),
(3, 65, 143, 15, 11),
(3, 65, 144, 15, 15),
(3, 65, 145, 15, 11),
(3, 65, 146, 15, 10),
(3, 65, 147, 15, 12),
(3, 65, 148, 15, 13),
(3, 65, 149, 15, 12),
(3, 65, 150, 15, 15),
(3, 65, 151, 15, 10),
(3, 65, 152, 15, 15),
(3, 65, 153, 15, 14),
(3, 65, 154, 15, 11),
(3, 65, 155, 15, 8),
(3, 65, 156, 15, 12),
(3, 65, 157, 15, 11),
(3, 65, 158, 15, 14),
(3, 65, 159, 15, 13),
(3, 65, 160, 15, 11),
(3, 65, 161, 15, 15),
(3, 65, 162, 15, 15),
(3, 75, 163, 12, 11),
(3, 75, 164, 12, 4),
(3, 75, 165, 12, 8),
(3, 75, 166, 12, 8),
(3, 75, 167, 12, 7),
(3, 75, 168, 12, 4),
(3, 75, 169, 12, 9),
(3, 75, 170, 12, 0),
(3, 75, 171, 12, 4),
(3, 75, 172, 12, 0),
(3, 75, 173, 12, 9),
(3, 75, 174, 12, 9),
(3, 75, 175, 12, 14),
(3, 75, 176, 12, 10),
(3, 75, 177, 12, 4),
(3, 75, 178, 12, 5),
(3, 75, 179, 12, 9),
(3, 75, 180, 12, 11),
(3, 75, 181, 12, 9),
(3, 75, 182, 12, 11),
(3, 75, 183, 12, 9),
(3, 75, 184, 12, 8),
(3, 75, 185, 12, 10),
(3, 75, 186, 12, 6),
(3, 75, 187, 12, 7),
(3, 75, 188, 12, 6),
(3, 75, 189, 12, 9),
(3, 75, 190, 12, 9),
(3, 75, 191, 12, 4),
(3, 75, 192, 12, 11),
(3, 75, 193, 12, 10),
(3, 75, 194, 12, 6),
(3, 75, 195, 12, 0),
(3, 75, 196, 12, 7),
(3, 75, 197, 12, 11),
(3, 75, 198, 12, 6),
(3, 75, 199, 12, 8),
(3, 75, 200, 12, 11),
(3, 75, 201, 12, 6),
(3, 75, 202, 12, 3),
(3, 75, 203, 12, 7),
(3, 75, 204, 12, 2),
(3, 75, 205, 12, 7),
(3, 75, 206, 12, 9),
(3, 75, 207, 12, 5),
(3, 75, 208, 12, 1),
(3, 75, 209, 12, 9),
(3, 75, 210, 12, 2),
(3, 75, 211, 12, 12),
(3, 75, 212, 12, 10),
(3, 75, 213, 12, 7),
(3, 75, 214, 12, 7),
(3, 75, 215, 12, 12),
(3, 75, 216, 12, 6),
(3, 69, 110, 4, 3),
(3, 69, 111, 4, 2),
(3, 69, 112, 4, 3),
(3, 69, 113, 4, 4),
(3, 69, 114, 4, 2),
(3, 69, 115, 4, 4),
(3, 69, 116, 4, 4),
(3, 69, 117, 4, 4),
(3, 69, 118, 4, 0),
(3, 69, 119, 4, 0),
(3, 69, 120, 4, 4),
(3, 69, 121, 4, 3),
(3, 69, 122, 4, 4),
(3, 69, 123, 4, 2),
(3, 69, 124, 4, 1),
(3, 69, 125, 4, 4),
(3, 69, 126, 4, 3),
(3, 69, 127, 4, 3),
(3, 69, 128, 4, 0),
(3, 69, 129, 4, 3),
(3, 69, 130, 4, 4),
(3, 69, 131, 4, 2),
(3, 69, 132, 4, 3),
(3, 69, 133, 4, 4),
(3, 69, 134, 4, 3),
(3, 69, 135, 4, 4),
(3, 69, 136, 4, 4),
(3, 69, 137, 4, 3),
(3, 69, 138, 4, 4),
(3, 69, 139, 4, 3),
(3, 69, 140, 4, 4),
(3, 69, 141, 4, 4),
(3, 69, 142, 4, 2),
(3, 69, 143, 4, 3),
(3, 69, 144, 4, 4),
(3, 69, 145, 4, 4),
(3, 69, 146, 4, 3),
(3, 69, 147, 4, 3),
(3, 69, 148, 4, 4),
(3, 69, 149, 4, 3),
(3, 69, 150, 4, 4),
(3, 69, 151, 4, 3),
(3, 69, 152, 4, 4),
(3, 69, 153, 4, 4),
(3, 69, 154, 4, 2),
(3, 69, 155, 4, 2),
(3, 69, 156, 4, 4),
(3, 69, 157, 4, 4),
(3, 69, 158, 4, 4),
(3, 69, 159, 4, 4),
(3, 69, 160, 4, 4),
(3, 69, 161, 4, 4),
(3, 69, 162, 4, 4),
(3, 79, 163, 3, 3),
(3, 79, 164, 3, 1),
(3, 79, 165, 3, 2),
(3, 79, 166, 3, 1),
(3, 79, 167, 3, 2),
(3, 79, 168, 3, 3),
(3, 79, 169, 3, 3),
(3, 79, 170, 3, 0),
(3, 79, 171, 3, 1),
(3, 79, 172, 3, 0),
(3, 79, 173, 3, 3),
(3, 79, 174, 3, 2),
(3, 79, 175, 3, 0),
(3, 79, 176, 3, 2),
(3, 79, 177, 3, 2),
(3, 79, 178, 3, 2),
(3, 79, 179, 3, 1),
(3, 79, 180, 3, 2),
(3, 79, 181, 3, 2),
(3, 79, 182, 3, 3),
(3, 79, 183, 3, 1),
(3, 79, 184, 3, 2),
(3, 79, 185, 3, 3),
(3, 79, 186, 3, 1),
(3, 79, 187, 3, 1),
(3, 79, 188, 3, 1),
(3, 79, 189, 3, 3),
(3, 79, 190, 3, 3),
(3, 79, 191, 3, 1),
(3, 79, 192, 3, 2),
(3, 79, 193, 3, 3),
(3, 79, 194, 3, 1),
(3, 79, 195, 3, 0),
(3, 79, 196, 3, 1),
(3, 79, 197, 3, 3),
(3, 79, 198, 3, 2),
(3, 79, 199, 3, 2),
(3, 79, 200, 3, 3),
(3, 79, 201, 3, 1),
(3, 79, 202, 3, 1),
(3, 79, 203, 3, 1),
(3, 79, 204, 3, 2),
(3, 79, 205, 3, 2),
(3, 79, 206, 3, 3),
(3, 79, 207, 3, 1),
(3, 79, 208, 3, 0),
(3, 79, 209, 3, 1),
(3, 79, 210, 3, 2),
(3, 79, 211, 3, 3),
(3, 79, 212, 3, 2),
(3, 79, 213, 3, 3),
(3, 79, 214, 3, 2),
(3, 79, 215, 3, 3),
(3, 79, 216, 3, 1),
(3, 61, 110, 16, 13),
(3, 61, 111, 16, 15),
(3, 61, 112, 16, 16),
(3, 61, 113, 16, 14),
(3, 61, 114, 16, 13),
(3, 61, 115, 16, 15),
(3, 61, 116, 16, 14),
(3, 61, 117, 16, 15),
(3, 61, 118, 16, 2),
(3, 61, 119, 16, 0),
(3, 61, 120, 16, 13),
(3, 61, 121, 16, 14),
(3, 61, 122, 16, 15),
(3, 61, 123, 16, 13),
(3, 61, 124, 16, 10),
(3, 61, 125, 16, 14),
(3, 61, 126, 16, 9),
(3, 61, 127, 16, 14),
(3, 61, 128, 16, 0),
(3, 61, 129, 16, 14),
(3, 61, 130, 16, 13),
(3, 61, 131, 16, 11),
(3, 61, 132, 16, 13),
(3, 61, 133, 16, 13),
(3, 61, 134, 16, 11),
(3, 61, 135, 16, 16),
(3, 61, 136, 16, 12),
(3, 61, 137, 16, 9),
(3, 61, 138, 16, 12),
(3, 61, 139, 16, 13),
(3, 61, 140, 16, 13),
(3, 61, 141, 16, 13),
(3, 61, 142, 16, 12),
(3, 61, 143, 16, 12),
(3, 61, 144, 16, 13),
(3, 61, 145, 16, 11),
(3, 61, 146, 16, 14),
(3, 61, 147, 16, 12),
(3, 61, 148, 16, 12),
(3, 61, 149, 16, 13),
(3, 61, 150, 16, 15),
(3, 61, 151, 16, 13),
(3, 61, 152, 16, 16),
(3, 61, 153, 16, 16),
(3, 61, 154, 16, 12),
(3, 61, 155, 16, 9),
(3, 61, 156, 16, 16),
(3, 61, 157, 16, 14),
(3, 61, 158, 16, 15),
(3, 61, 159, 16, 12),
(3, 61, 160, 16, 11),
(3, 61, 161, 16, 16),
(3, 61, 162, 16, 16),
(3, 71, 163, 16, 13),
(3, 71, 164, 16, 8),
(3, 71, 165, 16, 13),
(3, 71, 166, 16, 13),
(3, 71, 167, 16, 11),
(3, 71, 168, 16, 6),
(3, 71, 169, 16, 15),
(3, 71, 170, 16, 1),
(3, 71, 171, 16, 8),
(3, 71, 172, 16, 1),
(3, 71, 173, 16, 15),
(3, 71, 174, 16, 11),
(3, 71, 175, 16, 9),
(3, 71, 176, 16, 11),
(3, 71, 177, 16, 7),
(3, 71, 178, 16, 8),
(3, 71, 179, 16, 12),
(3, 71, 180, 16, 15),
(3, 71, 181, 16, 11),
(3, 71, 182, 16, 1),
(3, 71, 183, 16, 12),
(3, 71, 184, 16, 10),
(3, 71, 185, 16, 14),
(3, 71, 186, 16, 11),
(3, 71, 187, 16, 8),
(3, 71, 188, 16, 11),
(3, 71, 189, 16, 13),
(3, 71, 190, 16, 14),
(3, 71, 191, 16, 1),
(3, 71, 192, 16, 12),
(3, 71, 193, 16, 13),
(3, 71, 194, 16, 8),
(3, 71, 195, 16, 3),
(3, 71, 196, 16, 10),
(3, 71, 197, 16, 14),
(3, 71, 198, 16, 10),
(3, 71, 199, 16, 8),
(3, 71, 200, 16, 11),
(3, 71, 201, 16, 8),
(3, 71, 202, 16, 5),
(3, 71, 203, 16, 11),
(3, 71, 204, 16, 5),
(3, 71, 205, 16, 7),
(3, 71, 206, 16, 14),
(3, 71, 207, 16, 7),
(3, 71, 208, 16, 2),
(3, 71, 209, 16, 10),
(3, 71, 210, 16, 5),
(3, 71, 211, 16, 15),
(3, 71, 212, 16, 10),
(3, 71, 213, 16, 12),
(3, 71, 214, 16, 9),
(3, 71, 215, 16, 16),
(3, 71, 216, 16, 10),
(2, 66, 128, 16, 1),
(2, 66, 129, 16, 9),
(3, 66, 110, 16, 10),
(3, 66, 111, 16, 10),
(3, 66, 112, 16, 13),
(3, 66, 113, 16, 14),
(3, 66, 114, 16, 13),
(3, 66, 115, 16, 13),
(3, 66, 116, 16, 10),
(3, 66, 117, 16, 15),
(3, 66, 118, 16, 4),
(3, 66, 119, 16, 0),
(3, 66, 120, 16, 15),
(3, 66, 121, 16, 14),
(3, 66, 122, 16, 16),
(3, 66, 123, 16, 14),
(3, 66, 124, 16, 8),
(3, 66, 125, 16, 12),
(3, 66, 126, 16, 11),
(3, 66, 127, 16, 13),
(3, 66, 128, 16, 0),
(3, 66, 129, 16, 15),
(3, 66, 130, 16, 14),
(3, 66, 131, 16, 9),
(3, 66, 132, 16, 14),
(3, 66, 133, 16, 13),
(3, 66, 134, 16, 11),
(3, 66, 135, 16, 18),
(3, 66, 136, 16, 8),
(3, 66, 137, 16, 7),
(3, 66, 138, 16, 11),
(3, 66, 139, 16, 12),
(3, 66, 140, 16, 14),
(3, 66, 141, 16, 14),
(3, 66, 142, 16, 10),
(3, 66, 143, 16, 11),
(3, 66, 144, 16, 9),
(3, 66, 145, 16, 13),
(3, 66, 146, 16, 13),
(3, 66, 147, 16, 13),
(3, 66, 148, 16, 12),
(3, 66, 149, 16, 13),
(3, 66, 150, 16, 16),
(3, 66, 151, 16, 13),
(3, 66, 152, 16, 16),
(3, 66, 153, 16, 13),
(3, 66, 154, 16, 9),
(3, 66, 155, 16, 9),
(3, 66, 156, 16, 16),
(3, 66, 157, 16, 13),
(3, 66, 158, 16, 16),
(3, 66, 159, 16, 13),
(3, 66, 160, 16, 15),
(3, 66, 161, 16, 14),
(3, 66, 162, 16, 15),
(4, 71, 163, 5, 0),
(4, 71, 164, 5, 0),
(4, 71, 165, 5, 0),
(4, 71, 166, 5, 0),
(4, 71, 167, 5, 0),
(4, 71, 168, 5, 0),
(4, 71, 169, 5, 0),
(4, 71, 170, 5, 0),
(4, 71, 171, 5, 0),
(4, 71, 172, 5, 0),
(4, 71, 173, 5, 0),
(4, 71, 174, 5, 0),
(4, 71, 175, 5, 0),
(4, 71, 176, 5, 0),
(4, 71, 177, 5, 0),
(4, 71, 178, 5, 0),
(4, 71, 179, 5, 0),
(4, 71, 180, 5, 0),
(4, 71, 181, 5, 0),
(4, 71, 182, 5, 0),
(4, 71, 183, 5, 0),
(4, 71, 184, 5, 0),
(4, 71, 185, 5, 0),
(4, 71, 186, 5, 0),
(4, 71, 187, 5, 0),
(4, 71, 188, 5, 0),
(4, 71, 189, 5, 0),
(4, 71, 190, 5, 0),
(4, 71, 191, 5, 0),
(4, 71, 192, 5, 0),
(4, 71, 193, 5, 0),
(4, 71, 194, 5, 0),
(4, 71, 195, 5, 0),
(4, 71, 196, 5, 0),
(4, 71, 197, 5, 0),
(4, 71, 198, 5, 5),
(4, 71, 199, 5, 4),
(4, 71, 200, 5, 4),
(4, 71, 201, 5, 2),
(4, 71, 202, 5, 0),
(4, 71, 203, 5, 0),
(4, 71, 204, 5, 0),
(4, 71, 205, 5, 0),
(4, 71, 206, 5, 0),
(4, 71, 207, 5, 0),
(4, 71, 208, 5, 0),
(4, 71, 209, 5, 0),
(4, 71, 210, 5, 0),
(4, 71, 211, 5, 0),
(4, 71, 212, 5, 0),
(4, 71, 213, 5, 0),
(4, 71, 214, 5, 0),
(4, 71, 215, 5, 0),
(4, 71, 216, 5, 0),
(4, 66, 110, 3, 2),
(4, 66, 111, 3, 3),
(4, 66, 112, 3, 1),
(4, 66, 113, 3, 3),
(4, 66, 114, 3, 2),
(4, 66, 115, 3, 3),
(4, 66, 116, 3, 1),
(4, 66, 117, 3, 3),
(4, 66, 118, 3, 0),
(4, 66, 119, 3, 0),
(4, 66, 120, 3, 2),
(4, 66, 121, 3, 3),
(4, 66, 122, 3, 3),
(4, 66, 123, 3, 1),
(4, 66, 124, 3, 2),
(4, 66, 125, 3, 0),
(4, 66, 126, 3, 5),
(4, 66, 127, 3, 1),
(4, 66, 128, 3, 0),
(4, 66, 129, 3, 2),
(4, 66, 130, 3, 2),
(4, 66, 131, 3, 2),
(4, 66, 132, 3, 2),
(4, 66, 133, 3, 3),
(4, 66, 134, 3, 1),
(4, 66, 135, 3, 2),
(4, 66, 136, 3, 1),
(4, 66, 137, 3, 0),
(4, 66, 138, 3, 1),
(4, 66, 139, 3, 1),
(4, 66, 140, 3, 1),
(4, 66, 141, 3, 3),
(4, 66, 142, 3, 2),
(4, 66, 143, 3, 1),
(4, 66, 144, 3, 3),
(4, 66, 145, 3, 0),
(4, 66, 146, 3, 1),
(4, 66, 147, 3, 1),
(4, 66, 148, 3, 0),
(4, 66, 149, 3, 2),
(4, 66, 150, 3, 3),
(4, 66, 151, 3, 2),
(4, 66, 152, 3, 3),
(4, 66, 153, 3, 1),
(4, 66, 154, 3, 3),
(4, 66, 155, 3, 1),
(4, 66, 156, 3, 3),
(4, 66, 157, 3, 3),
(4, 66, 158, 3, 3),
(4, 66, 159, 3, 3),
(4, 66, 160, 3, 3),
(4, 66, 161, 3, 3),
(4, 66, 162, 3, 3),
(4, 76, 163, 5, 3),
(4, 76, 164, 5, 1),
(4, 76, 165, 5, 5),
(4, 76, 166, 5, 3),
(4, 76, 167, 5, 4),
(4, 76, 168, 5, 1),
(4, 76, 169, 5, 3),
(4, 76, 170, 5, 5),
(4, 76, 171, 5, 0),
(4, 76, 172, 5, 1),
(4, 76, 173, 5, 5),
(4, 76, 174, 5, 2),
(4, 76, 175, 5, 1),
(4, 76, 176, 5, 7),
(4, 76, 177, 5, 5),
(4, 76, 178, 5, 1),
(4, 76, 179, 5, 3),
(4, 76, 180, 5, 4),
(4, 76, 181, 5, 5),
(4, 76, 182, 5, 1),
(4, 76, 183, 5, 2),
(4, 76, 184, 5, 3),
(4, 76, 185, 5, 4),
(4, 76, 186, 5, 3),
(4, 76, 187, 5, 2),
(4, 76, 188, 5, 3),
(4, 76, 189, 5, 4),
(4, 76, 190, 5, 3),
(4, 76, 191, 5, 0),
(4, 76, 192, 5, 3),
(4, 76, 193, 5, 2),
(4, 76, 194, 5, 0),
(4, 76, 195, 5, 2),
(4, 76, 196, 5, 4),
(4, 76, 197, 5, 4),
(4, 76, 198, 5, 4),
(4, 76, 199, 5, 6),
(4, 76, 200, 5, 5),
(4, 76, 201, 5, 1),
(4, 76, 202, 5, 0),
(4, 76, 203, 5, 5),
(4, 76, 204, 5, 0),
(4, 76, 205, 5, 4),
(4, 76, 206, 5, 1),
(4, 76, 207, 5, 4),
(4, 76, 208, 5, 1),
(4, 76, 209, 5, 4),
(4, 76, 210, 5, 0),
(4, 76, 211, 5, 4),
(4, 76, 212, 5, 2),
(4, 76, 213, 5, 7),
(4, 76, 214, 5, 3),
(4, 76, 215, 5, 5),
(4, 76, 216, 5, 5),
(4, 70, 110, 0, 0),
(4, 70, 111, 0, 0),
(4, 70, 112, 0, 0),
(4, 70, 113, 0, 0),
(4, 70, 114, 0, 0),
(4, 70, 115, 0, 0),
(4, 70, 116, 0, 0),
(4, 70, 117, 0, 0),
(4, 70, 118, 0, 0),
(4, 70, 119, 0, 0),
(4, 70, 120, 0, 0),
(4, 70, 121, 0, 0),
(4, 70, 122, 0, 0),
(4, 70, 123, 0, 0),
(4, 70, 124, 0, 0),
(4, 70, 125, 0, 0),
(4, 70, 126, 0, 0),
(4, 70, 127, 0, 0),
(4, 70, 128, 0, 0),
(4, 70, 129, 0, 0),
(4, 70, 130, 0, 0),
(4, 70, 131, 0, 0),
(4, 70, 132, 0, 0),
(4, 70, 133, 0, 0),
(4, 70, 134, 0, 0),
(4, 70, 135, 0, 0),
(4, 70, 136, 0, 0),
(4, 70, 137, 0, 0),
(4, 70, 138, 0, 0),
(4, 70, 139, 0, 0),
(4, 70, 140, 0, 0),
(4, 70, 141, 0, 0),
(4, 70, 142, 0, 0),
(4, 70, 143, 0, 0),
(4, 70, 144, 0, 0),
(4, 70, 145, 0, 0),
(4, 70, 146, 0, 0),
(4, 70, 147, 0, 0),
(4, 70, 148, 0, 0),
(4, 70, 149, 0, 0),
(4, 70, 150, 0, 0),
(4, 70, 151, 0, 0),
(4, 70, 152, 0, 0),
(4, 70, 153, 0, 0),
(4, 70, 154, 0, 0),
(4, 70, 155, 0, 0),
(4, 70, 156, 0, 0),
(4, 70, 157, 0, 0),
(4, 70, 158, 0, 0),
(4, 70, 159, 0, 0),
(4, 70, 160, 0, 0),
(4, 70, 161, 0, 0),
(4, 70, 162, 0, 0),
(4, 80, 163, 1, 1),
(4, 80, 164, 1, 0),
(4, 80, 165, 1, 1),
(4, 80, 166, 1, 0),
(4, 80, 167, 1, 0),
(4, 80, 168, 1, 0),
(4, 80, 169, 1, 1),
(4, 80, 170, 1, 1),
(4, 80, 171, 1, 0),
(4, 80, 172, 1, 0),
(4, 80, 173, 1, 1),
(4, 80, 174, 1, 1),
(4, 80, 175, 1, 0),
(4, 80, 176, 1, 1),
(4, 80, 177, 1, 1),
(4, 80, 178, 1, 0),
(4, 80, 179, 1, 1),
(4, 80, 180, 1, 1),
(4, 80, 181, 1, 1),
(4, 80, 182, 1, 0),
(4, 80, 183, 1, 1),
(4, 80, 184, 1, 0),
(4, 80, 185, 1, 1),
(4, 80, 186, 1, 0),
(4, 80, 187, 1, 0),
(4, 80, 188, 1, 1),
(4, 80, 189, 1, 1),
(4, 80, 190, 1, 1),
(4, 80, 191, 1, 0),
(4, 80, 192, 1, 1),
(4, 80, 193, 1, 1),
(4, 80, 194, 1, 1),
(4, 80, 195, 1, 0),
(4, 80, 196, 1, 1),
(4, 80, 197, 1, 1),
(4, 80, 198, 1, 1),
(4, 80, 199, 1, 1),
(4, 80, 200, 1, 1),
(4, 80, 201, 1, 0),
(4, 80, 202, 1, 0),
(4, 80, 203, 1, 1),
(4, 80, 204, 1, 0),
(4, 80, 205, 1, 0),
(4, 80, 206, 1, 0),
(4, 80, 207, 1, 1),
(4, 80, 208, 1, 0),
(4, 80, 209, 1, 1),
(4, 80, 210, 1, 0),
(4, 80, 211, 1, 1),
(4, 80, 212, 1, 0),
(4, 80, 213, 1, 1),
(4, 80, 214, 1, 0),
(4, 80, 215, 1, 1),
(4, 80, 216, 1, 1),
(4, 65, 110, 3, 1),
(4, 65, 111, 3, 1),
(4, 65, 112, 3, 0),
(4, 65, 113, 3, 1),
(4, 65, 114, 3, 2),
(4, 65, 115, 3, 2),
(4, 65, 116, 3, 2),
(4, 65, 117, 3, 3),
(4, 65, 118, 3, 1),
(4, 65, 119, 3, 0),
(4, 65, 120, 3, 2),
(4, 65, 121, 3, 2),
(4, 65, 122, 3, 0),
(4, 65, 123, 3, 2),
(4, 65, 124, 3, 1),
(4, 65, 125, 3, 1),
(4, 65, 126, 3, 2),
(4, 65, 127, 3, 1),
(4, 65, 128, 3, 0),
(4, 65, 129, 3, 2),
(4, 65, 130, 3, 1),
(4, 65, 131, 3, 0),
(4, 65, 132, 3, 2),
(4, 65, 133, 3, 2),
(4, 65, 134, 3, 1),
(4, 65, 135, 3, 2),
(4, 65, 136, 3, 0),
(4, 65, 137, 3, 1),
(4, 65, 138, 3, 1),
(4, 65, 139, 3, 3),
(4, 65, 140, 3, 3),
(4, 65, 141, 3, 2),
(4, 65, 142, 3, 2),
(4, 65, 143, 3, 0),
(4, 65, 144, 3, 1),
(4, 65, 145, 3, 0),
(4, 65, 146, 3, 2),
(4, 65, 147, 3, 2),
(4, 65, 148, 3, 0),
(4, 65, 149, 3, 2),
(4, 65, 150, 3, 3),
(4, 65, 151, 3, 1),
(4, 65, 152, 3, 2),
(4, 65, 153, 3, 1),
(4, 65, 154, 3, 2),
(4, 65, 155, 3, 3),
(4, 65, 156, 3, 2),
(4, 65, 157, 3, 1),
(4, 65, 158, 3, 1),
(4, 65, 159, 3, 2),
(4, 65, 160, 3, 2),
(4, 65, 161, 3, 2),
(4, 65, 162, 3, 2),
(4, 75, 163, 2, 2),
(4, 75, 164, 2, 1),
(4, 75, 165, 2, 4),
(4, 75, 166, 2, 2),
(4, 75, 167, 2, 0),
(4, 75, 168, 2, 0),
(4, 75, 169, 2, 2),
(4, 75, 170, 2, 2),
(4, 75, 171, 2, 0),
(4, 75, 172, 2, 0),
(4, 75, 173, 2, 2),
(4, 75, 174, 2, 2),
(4, 75, 175, 2, 0),
(4, 75, 176, 2, 1),
(4, 75, 177, 2, 2),
(4, 75, 178, 2, 0),
(4, 75, 179, 2, 1),
(4, 75, 180, 2, 1),
(4, 75, 181, 2, 1),
(4, 75, 182, 2, -10),
(4, 75, 183, 2, 1),
(4, 75, 184, 2, 1),
(4, 75, 185, 2, 2),
(4, 75, 186, 2, 0),
(4, 75, 187, 2, 1),
(4, 75, 188, 2, 0),
(4, 75, 189, 2, 1),
(4, 75, 190, 2, -5),
(4, 75, 191, 2, 0),
(4, 75, 192, 2, 2),
(4, 75, 193, 2, 0),
(4, 75, 194, 2, 0),
(4, 75, 195, 2, 1),
(4, 75, 196, 2, 0),
(4, 75, 197, 2, 2),
(4, 75, 198, 2, 0),
(4, 75, 199, 2, 2),
(4, 75, 200, 2, 2),
(4, 75, 201, 2, 1),
(4, 75, 202, 2, 0),
(4, 75, 203, 2, 2),
(4, 75, 204, 2, 0),
(4, 75, 205, 2, 1),
(4, 75, 206, 2, 0),
(4, 75, 207, 2, 0),
(4, 75, 208, 2, 12),
(4, 75, 209, 2, -2),
(4, 75, 210, 2, 14),
(4, 75, 211, 2, -4),
(4, 75, 212, 2, -4),
(4, 75, 213, 2, -4),
(4, 75, 214, 2, 14),
(4, 75, 215, 2, -22),
(4, 75, 216, 2, 2),
(4, 67, 110, 2, 2),
(4, 67, 111, 2, 2),
(4, 67, 112, 2, 0),
(4, 67, 113, 2, 2),
(4, 67, 114, 2, 1),
(4, 67, 115, 2, 2),
(4, 67, 116, 2, 1),
(4, 67, 117, 2, 2),
(4, 67, 118, 2, 1),
(4, 67, 119, 2, 0),
(4, 67, 120, 2, 2),
(4, 67, 121, 2, 2),
(4, 67, 122, 2, 1),
(4, 67, 123, 2, 1),
(4, 67, 124, 2, 1),
(4, 67, 125, 2, 0),
(4, 67, 126, 2, 2),
(4, 67, 127, 2, 0),
(4, 67, 128, 2, 0),
(4, 67, 129, 2, 2),
(4, 67, 130, 2, 1),
(4, 67, 131, 2, 0),
(4, 67, 132, 2, 2),
(4, 67, 133, 2, 2),
(4, 67, 134, 2, 2),
(4, 67, 135, 2, 2),
(4, 67, 136, 2, 0),
(4, 67, 137, 2, 0),
(4, 67, 138, 2, 2),
(4, 67, 139, 2, 2),
(4, 67, 140, 2, 1),
(4, 67, 141, 2, 2),
(4, 67, 142, 2, 2),
(4, 67, 143, 2, 0),
(4, 67, 144, 2, 0),
(4, 67, 145, 2, 0),
(4, 67, 146, 2, 0),
(4, 67, 147, 2, 1),
(4, 67, 148, 2, 0),
(4, 67, 149, 2, 1),
(4, 67, 150, 2, 2),
(4, 67, 151, 2, 1),
(4, 67, 152, 2, 1),
(4, 67, 153, 2, 2),
(4, 67, 154, 2, 2),
(4, 67, 155, 2, 1),
(4, 67, 156, 2, 2),
(4, 67, 157, 2, 2),
(4, 67, 158, 2, 2),
(4, 67, 159, 2, 1),
(4, 67, 160, 2, 2),
(4, 67, 161, 2, 2),
(4, 67, 162, 2, 0),
(4, 77, 163, 2, 2),
(4, 77, 164, 2, 1),
(4, 77, 165, 2, 2),
(4, 77, 166, 2, 2),
(4, 77, 167, 2, 1),
(4, 77, 168, 2, 1),
(4, 77, 169, 2, 2),
(4, 77, 170, 2, 2),
(4, 77, 171, 2, 0),
(4, 77, 172, 2, 0),
(4, 77, 173, 2, 2),
(4, 77, 174, 2, 1),
(4, 77, 175, 2, 0),
(4, 77, 176, 2, 1),
(4, 77, 177, 2, 1),
(4, 77, 178, 2, 1),
(4, 77, 179, 2, 2),
(4, 77, 180, 2, 2),
(4, 77, 181, 2, 2),
(4, 77, 182, 2, 2),
(4, 77, 183, 2, 1),
(4, 77, 184, 2, 1),
(4, 77, 185, 2, 2),
(4, 77, 186, 2, 1),
(4, 77, 187, 2, 1),
(4, 77, 188, 2, 0),
(4, 77, 189, 2, 1),
(4, 77, 190, 2, 1),
(4, 77, 191, 2, 0),
(4, 77, 192, 2, 1),
(4, 77, 193, 2, 2),
(4, 77, 194, 2, 1),
(4, 77, 195, 2, 1),
(4, 77, 196, 2, 2),
(4, 77, 197, 2, 1),
(4, 77, 198, 2, 1),
(4, 77, 199, 2, 2),
(4, 77, 200, 2, 2),
(4, 77, 201, 2, 2),
(4, 77, 202, 2, 1),
(4, 77, 203, 2, 2),
(4, 77, 204, 2, 0),
(4, 77, 205, 2, 1),
(4, 77, 206, 2, 1),
(4, 77, 207, 2, 1),
(4, 77, 208, 2, 1),
(4, 77, 209, 2, 2),
(4, 77, 210, 2, 2),
(4, 77, 211, 2, 2),
(4, 77, 212, 2, 1),
(4, 77, 213, 2, 2),
(4, 77, 214, 2, 1),
(4, 77, 215, 2, 2),
(4, 77, 216, 2, 1),
(4, 62, 110, 5, 3),
(4, 62, 111, 5, 2),
(4, 62, 112, 5, 2),
(4, 62, 113, 5, 2),
(4, 62, 114, 5, 4),
(4, 62, 115, 5, 3),
(4, 62, 116, 5, 2),
(4, 62, 117, 5, 5),
(4, 62, 118, 5, 0),
(4, 62, 119, 5, 0),
(4, 62, 120, 5, 3),
(4, 62, 121, 5, 3),
(4, 62, 122, 5, 3),
(4, 62, 123, 5, 2),
(4, 62, 124, 5, 1),
(4, 62, 125, 5, 4),
(4, 62, 126, 5, 3),
(4, 62, 127, 5, 3),
(4, 62, 128, 5, 0),
(4, 62, 129, 5, 2),
(4, 62, 130, 5, 3),
(4, 62, 131, 5, 2),
(4, 62, 132, 5, 3),
(4, 62, 133, 5, 3),
(4, 62, 134, 5, 0),
(4, 62, 135, 5, 2),
(4, 62, 136, 5, 3),
(4, 62, 137, 5, 3),
(4, 62, 138, 5, 1),
(4, 62, 139, 5, 5),
(4, 62, 140, 5, 5),
(4, 62, 141, 5, 2),
(4, 62, 142, 5, 3);
INSERT INTO `62014attd` (`month_id`, `subject_id`, `student_id`, `total_lectures`, `present`) VALUES
(4, 62, 143, 5, 2),
(4, 62, 144, 5, 3),
(4, 62, 145, 5, 0),
(4, 62, 146, 5, 3),
(4, 62, 147, 5, 2),
(4, 62, 148, 5, 0),
(4, 62, 149, 5, 3),
(4, 62, 150, 5, 4),
(4, 62, 151, 5, 2),
(4, 62, 152, 5, 4),
(4, 62, 153, 5, 3),
(4, 62, 154, 5, 2),
(4, 62, 155, 5, 4),
(4, 62, 156, 5, 3),
(4, 62, 157, 5, 3),
(4, 62, 158, 5, 3),
(4, 62, 159, 5, 3),
(4, 62, 160, 5, 3),
(4, 62, 161, 5, 3),
(4, 62, 162, 5, 3),
(4, 72, 163, 1, 1),
(4, 72, 164, 1, 0),
(4, 72, 165, 1, 0),
(4, 72, 166, 1, 1),
(4, 72, 167, 1, 0),
(4, 72, 168, 1, 0),
(4, 72, 169, 1, 1),
(4, 72, 170, 1, 1),
(4, 72, 171, 1, 0),
(4, 72, 172, 1, 0),
(4, 72, 173, 1, 1),
(4, 72, 174, 1, 1),
(4, 72, 175, 1, 0),
(4, 72, 176, 1, 1),
(4, 72, 177, 1, 1),
(4, 72, 178, 1, 0),
(4, 72, 179, 1, 1),
(4, 72, 180, 1, 1),
(4, 72, 181, 1, 1),
(4, 72, 182, 1, 0),
(4, 72, 183, 1, 1),
(4, 72, 184, 1, 0),
(4, 72, 185, 1, 1),
(4, 72, 186, 1, 0),
(4, 72, 187, 1, 0),
(4, 72, 188, 1, 0),
(4, 72, 189, 1, 0),
(4, 72, 190, 1, 0),
(4, 72, 191, 1, 0),
(4, 72, 192, 1, 1),
(4, 72, 193, 1, 0),
(4, 72, 194, 1, 0),
(4, 72, 195, 1, 1),
(4, 72, 196, 1, 0),
(4, 72, 197, 1, 1),
(4, 72, 198, 1, 0),
(4, 72, 199, 1, 1),
(4, 72, 200, 1, 1),
(4, 72, 201, 1, 1),
(4, 72, 202, 1, 0),
(4, 72, 203, 1, 1),
(4, 72, 204, 1, 0),
(4, 72, 205, 1, 0),
(4, 72, 206, 1, 0),
(4, 72, 207, 1, 0),
(4, 72, 208, 1, 0),
(4, 72, 209, 1, 1),
(4, 72, 210, 1, 0),
(4, 72, 211, 1, 1),
(4, 72, 212, 1, 0),
(4, 72, 213, 1, 1),
(4, 72, 214, 1, 1),
(4, 72, 215, 1, 1),
(4, 72, 216, 1, 1),
(5, 63, 110, 15, 5),
(5, 63, 111, 15, 4),
(5, 63, 112, 15, 10),
(5, 63, 113, 15, 8),
(5, 63, 114, 15, 10),
(5, 63, 115, 15, 9),
(5, 63, 116, 15, 7),
(5, 63, 117, 15, 10),
(5, 63, 118, 15, 1),
(5, 63, 119, 15, 0),
(5, 63, 120, 15, 10),
(5, 63, 121, 15, 12),
(5, 63, 122, 15, 6),
(5, 63, 123, 15, 9),
(5, 63, 124, 15, 3),
(5, 63, 125, 15, 7),
(5, 63, 126, 15, 11),
(5, 63, 127, 15, 7),
(5, 63, 128, 15, 0),
(5, 63, 129, 15, 7),
(5, 63, 130, 15, 6),
(5, 63, 131, 15, 5),
(5, 63, 132, 15, 11),
(5, 63, 133, 15, 10),
(5, 63, 134, 15, 5),
(5, 63, 135, 15, 5),
(5, 63, 136, 15, 6),
(5, 63, 137, 15, 8),
(5, 63, 138, 15, 4),
(5, 63, 139, 15, 5),
(5, 63, 140, 15, 12),
(5, 63, 141, 15, 3),
(5, 63, 142, 15, 9),
(5, 63, 143, 15, 6),
(5, 63, 144, 15, 8),
(5, 63, 145, 15, 2),
(5, 63, 146, 15, 6),
(5, 63, 147, 15, 8),
(5, 63, 148, 15, 3),
(5, 63, 149, 15, 8),
(5, 63, 150, 15, 10),
(5, 63, 151, 15, 11),
(5, 63, 152, 15, 11),
(5, 63, 153, 15, 9),
(5, 63, 154, 15, 9),
(5, 63, 155, 15, 6),
(5, 63, 156, 15, 11),
(5, 63, 157, 15, 12),
(5, 63, 158, 15, 11),
(5, 63, 159, 15, 5),
(5, 63, 160, 15, 7),
(5, 63, 161, 15, 11),
(5, 63, 162, 15, 11),
(5, 73, 163, 15, 8),
(5, 73, 164, 15, 3),
(5, 73, 165, 15, 7),
(5, 73, 166, 15, 6),
(5, 73, 167, 15, 6),
(5, 73, 168, 15, 2),
(5, 73, 169, 15, 9),
(5, 73, 170, 15, 10),
(5, 73, 171, 15, 0),
(5, 73, 172, 15, 4),
(5, 73, 173, 15, 12),
(5, 73, 174, 15, 9),
(5, 73, 175, 15, 2),
(5, 73, 176, 15, 4),
(5, 73, 177, 15, 6),
(5, 73, 178, 15, 3),
(5, 73, 179, 15, 4),
(5, 73, 180, 15, 11),
(5, 73, 181, 15, 4),
(5, 73, 182, 15, 3),
(5, 73, 183, 15, 9),
(5, 73, 184, 15, 6),
(5, 73, 185, 15, 11),
(5, 73, 186, 15, 4),
(5, 73, 187, 15, 5),
(5, 73, 188, 15, 5),
(5, 73, 189, 15, 7),
(5, 73, 190, 15, 3),
(5, 73, 191, 15, 14),
(5, 73, 192, 15, 8),
(5, 73, 193, 15, 6),
(5, 73, 194, 15, 4),
(5, 73, 195, 15, 7),
(5, 73, 196, 15, 7),
(5, 73, 197, 15, 10),
(5, 73, 198, 15, 8),
(5, 73, 199, 15, 9),
(5, 73, 200, 15, 11),
(5, 73, 201, 15, 1),
(5, 73, 202, 15, 2),
(5, 73, 203, 15, 6),
(5, 73, 204, 15, 0),
(5, 73, 205, 15, 6),
(5, 73, 206, 15, 2),
(5, 73, 207, 15, 7),
(5, 73, 208, 15, 3),
(5, 73, 209, 15, 8),
(5, 73, 210, 15, 1),
(5, 73, 211, 15, 11),
(5, 73, 212, 15, 5),
(5, 73, 213, 15, 7),
(5, 73, 214, 15, 6),
(5, 73, 215, 15, 11),
(5, 73, 216, 15, 10),
(5, 62, 110, 10, 2),
(5, 62, 111, 10, 2),
(5, 62, 112, 10, 2),
(5, 62, 113, 10, 5),
(5, 62, 114, 10, 5),
(5, 62, 115, 10, 5),
(5, 62, 116, 10, 2),
(5, 62, 117, 10, 7),
(5, 62, 118, 10, 1),
(5, 62, 119, 10, 0),
(5, 62, 120, 10, 7),
(5, 62, 121, 10, 9),
(5, 62, 122, 10, 5),
(5, 62, 123, 10, 4),
(5, 62, 124, 10, 0),
(5, 62, 125, 10, 5),
(5, 62, 126, 10, 4),
(5, 62, 127, 10, 2),
(5, 62, 128, 10, 0),
(5, 62, 129, 10, 2),
(5, 62, 130, 10, 2),
(5, 62, 131, 10, 2),
(5, 62, 132, 10, 7),
(5, 62, 133, 10, 7),
(5, 62, 134, 10, 2),
(5, 62, 135, 10, 2),
(5, 62, 136, 10, 4),
(5, 62, 137, 10, 5),
(5, 62, 138, 10, 2),
(5, 62, 139, 10, 5),
(5, 62, 140, 10, 5),
(5, 62, 141, 10, 3),
(5, 62, 142, 10, 5),
(5, 62, 143, 10, 4),
(5, 62, 144, 10, 2),
(5, 62, 145, 10, 4),
(5, 62, 146, 10, 5),
(5, 62, 147, 10, 4),
(5, 62, 148, 10, 2),
(5, 62, 149, 10, 2),
(5, 62, 150, 10, 8),
(5, 62, 151, 10, 6),
(5, 62, 152, 10, 7),
(5, 62, 153, 10, 4),
(5, 62, 154, 10, 4),
(5, 62, 155, 10, 4),
(5, 62, 156, 10, 6),
(5, 62, 157, 10, 8),
(5, 62, 158, 10, 8),
(5, 62, 159, 10, 4),
(5, 62, 160, 10, 7),
(5, 62, 161, 10, 10),
(5, 62, 162, 10, 10),
(5, 72, 163, 10, 4),
(5, 72, 164, 10, 4),
(5, 72, 165, 10, 4),
(5, 72, 166, 10, 2),
(5, 72, 167, 10, 4),
(5, 72, 168, 10, 5),
(5, 72, 169, 10, 8),
(5, 72, 170, 10, 6),
(5, 72, 171, 10, 0),
(5, 72, 172, 10, 0),
(5, 72, 173, 10, 8),
(5, 72, 174, 10, 8),
(5, 72, 175, 10, 2),
(5, 72, 176, 10, 4),
(5, 72, 177, 10, 2),
(5, 72, 178, 10, 5),
(5, 72, 179, 10, 0),
(5, 72, 180, 10, 10),
(5, 72, 181, 10, 8),
(5, 72, 182, 10, 1),
(5, 72, 183, 10, 9),
(5, 72, 184, 10, 8),
(5, 72, 185, 10, 8),
(5, 72, 186, 10, 1),
(5, 72, 187, 10, 5),
(5, 72, 188, 10, 2),
(5, 72, 189, 10, 2),
(5, 72, 190, 10, 2),
(5, 72, 191, 10, 3),
(5, 72, 192, 10, 6),
(5, 72, 193, 10, 5),
(5, 72, 194, 10, 6),
(5, 72, 195, 10, 6),
(5, 72, 196, 10, 2),
(5, 72, 197, 10, 8),
(5, 72, 198, 10, 5),
(5, 72, 199, 10, 6),
(5, 72, 200, 10, 6),
(5, 72, 201, 10, 2),
(5, 72, 202, 10, 0),
(5, 72, 203, 10, 6),
(5, 72, 204, 10, 0),
(5, 72, 205, 10, 5),
(5, 72, 206, 10, 0),
(5, 72, 207, 10, 2),
(5, 72, 208, 10, 3),
(5, 72, 209, 10, 7),
(5, 72, 210, 10, 3),
(5, 72, 211, 10, 8),
(5, 72, 212, 10, 2),
(5, 72, 213, 10, 6),
(5, 72, 214, 10, 4),
(5, 72, 215, 10, 7),
(5, 72, 216, 10, 4),
(5, 64, 110, 12, 5),
(5, 64, 111, 12, 6),
(5, 64, 112, 12, 4),
(5, 64, 113, 12, 8),
(5, 64, 114, 12, 9),
(5, 64, 115, 12, 10),
(5, 64, 116, 12, 4),
(5, 64, 117, 12, 10),
(5, 64, 118, 12, 1),
(5, 64, 119, 12, 0),
(5, 64, 120, 12, 8),
(5, 64, 121, 12, 11),
(5, 64, 122, 12, 3),
(5, 64, 123, 12, 5),
(5, 64, 124, 12, 4),
(5, 64, 125, 12, 4),
(5, 64, 126, 12, 9),
(5, 64, 127, 12, 6),
(5, 64, 128, 12, 0),
(5, 64, 129, 12, 8),
(5, 64, 130, 12, 5),
(5, 64, 131, 12, 2),
(5, 64, 132, 12, 11),
(5, 64, 133, 12, 9),
(5, 64, 134, 12, 3),
(5, 64, 135, 12, 5),
(5, 64, 136, 12, 3),
(5, 64, 137, 12, 3),
(5, 64, 138, 12, 5),
(5, 64, 139, 12, 7),
(5, 64, 140, 12, 10),
(5, 64, 141, 12, 6),
(5, 64, 142, 12, 8),
(5, 64, 143, 12, 3),
(5, 64, 144, 12, 6),
(5, 64, 145, 12, 0),
(5, 64, 146, 12, 3),
(5, 64, 147, 12, 5),
(5, 64, 148, 12, 1),
(5, 64, 149, 12, 8),
(5, 64, 150, 12, 11),
(5, 64, 151, 12, 5),
(5, 64, 152, 12, 8),
(5, 64, 153, 12, 4),
(5, 64, 154, 12, 5),
(5, 64, 155, 12, 5),
(5, 64, 156, 12, 10),
(5, 64, 157, 12, 8),
(5, 64, 158, 12, 10),
(5, 64, 159, 12, 7),
(5, 64, 160, 12, 7),
(5, 64, 161, 12, 11),
(5, 64, 162, 12, 11),
(5, 74, 163, 9, 8),
(5, 74, 164, 9, 2),
(5, 74, 165, 9, 6),
(5, 74, 166, 9, 4),
(5, 74, 167, 9, 5),
(5, 74, 168, 9, 1),
(5, 74, 169, 9, 5),
(5, 74, 170, 9, 7),
(5, 74, 171, 9, 0),
(5, 74, 172, 9, 2),
(5, 74, 173, 9, 7),
(5, 74, 174, 9, 5),
(5, 74, 175, 9, 0),
(5, 74, 176, 9, 3),
(5, 74, 177, 9, 6),
(5, 74, 178, 9, 1),
(5, 74, 179, 9, 5),
(5, 74, 180, 9, 7),
(5, 74, 181, 9, 8),
(5, 74, 182, 9, 0),
(5, 74, 183, 9, 5),
(5, 74, 184, 9, 4),
(5, 74, 185, 9, 8),
(5, 74, 186, 9, 3),
(5, 74, 187, 9, 5),
(5, 74, 188, 9, 3),
(5, 74, 189, 9, 4),
(5, 74, 190, 9, 2),
(5, 74, 191, 9, 1),
(5, 74, 192, 9, 6),
(5, 74, 193, 9, 4),
(5, 74, 194, 9, 1),
(5, 74, 195, 9, 3),
(5, 74, 196, 9, 3),
(5, 74, 197, 9, 6),
(5, 74, 198, 9, 3),
(5, 74, 199, 9, 6),
(5, 74, 200, 9, 7),
(5, 74, 201, 9, 2),
(5, 74, 202, 9, 0),
(5, 74, 203, 9, 7),
(5, 74, 204, 9, 0),
(5, 74, 205, 9, 5),
(5, 74, 206, 9, 1),
(5, 74, 207, 9, 4),
(5, 74, 208, 9, 1),
(5, 74, 209, 9, 7),
(5, 74, 210, 9, 0),
(5, 74, 211, 9, 8),
(5, 74, 212, 9, 1),
(5, 74, 213, 9, 6),
(5, 74, 214, 9, 3),
(5, 74, 215, 9, 7),
(5, 74, 216, 9, 6);

-- --------------------------------------------------------

--
-- Table structure for table `72014attd`
--

CREATE TABLE `72014attd` (
  `month_id` int(11) NOT NULL,
  `subject_id` int(11) NOT NULL,
  `student_id` int(11) NOT NULL,
  `total_lectures` int(11) NOT NULL,
  `present` int(11) NOT NULL
) ENGINE=InnoDB DEFAULT CHARSET=latin1;

-- --------------------------------------------------------

--
-- Table structure for table `82013attd`
--

CREATE TABLE `82013attd` (
  `month_id` int(11) NOT NULL,
  `subject_id` int(11) NOT NULL,
  `student_id` int(11) NOT NULL,
  `total_lectures` int(11) NOT NULL,
  `present` int(11) NOT NULL
) ENGINE=InnoDB DEFAULT CHARSET=latin1;

--
-- Dumping data for table `82013attd`
--

INSERT INTO `82013attd` (`month_id`, `subject_id`, `student_id`, `total_lectures`, `present`) VALUES
(1, 99, 217, 14, 0),
(1, 99, 218, 14, 5),
(1, 99, 219, 14, 5),
(1, 99, 220, 14, 8),
(1, 99, 221, 14, 7),
(1, 99, 222, 14, 2),
(1, 99, 223, 14, 5),
(1, 99, 224, 14, 14),
(1, 99, 225, 14, 0),
(1, 99, 226, 14, 9),
(1, 99, 227, 14, 1),
(1, 99, 228, 14, 12),
(1, 99, 229, 14, 8),
(1, 99, 230, 14, 7),
(1, 99, 231, 14, 6),
(1, 99, 232, 14, 9),
(1, 99, 233, 14, 7),
(1, 99, 234, 14, 2),
(1, 99, 235, 14, 5),
(1, 99, 236, 14, 12),
(1, 99, 237, 14, 2),
(1, 99, 238, 14, 14),
(1, 99, 239, 14, 12),
(1, 99, 240, 14, 5),
(1, 99, 241, 14, 8),
(1, 99, 242, 14, 6),
(1, 99, 243, 14, 4),
(1, 99, 244, 14, 3),
(1, 99, 245, 14, 6),
(1, 99, 246, 14, 0),
(1, 99, 247, 14, 10),
(1, 99, 248, 14, 5),
(1, 99, 249, 14, 7),
(1, 99, 250, 14, 10),
(1, 99, 251, 14, 0),
(1, 99, 252, 14, 0),
(1, 99, 253, 14, 5),
(1, 99, 254, 14, 3),
(1, 99, 255, 14, 2),
(1, 99, 256, 14, 0),
(1, 99, 257, 14, 6),
(1, 99, 258, 14, 6),
(1, 99, 259, 14, 2),
(1, 99, 260, 14, 11),
(1, 99, 261, 14, 12),
(1, 104, 217, 0, 0),
(1, 104, 218, 0, 0),
(1, 104, 219, 0, 0),
(1, 104, 220, 0, 0),
(1, 104, 221, 0, 0),
(1, 104, 222, 0, 0),
(1, 104, 223, 0, 0),
(1, 104, 224, 0, 0),
(1, 104, 225, 0, 0),
(1, 104, 226, 0, 0),
(1, 104, 227, 0, 0),
(1, 104, 228, 0, 0),
(1, 104, 229, 0, 0),
(1, 104, 230, 0, 0),
(1, 104, 231, 0, 0),
(1, 104, 232, 0, 0),
(1, 104, 233, 0, 0),
(1, 104, 234, 0, 0),
(1, 104, 235, 0, 0),
(1, 104, 236, 0, 0),
(1, 104, 237, 0, 0),
(1, 104, 238, 0, 0),
(1, 104, 239, 0, 0),
(1, 104, 240, 0, 0),
(1, 104, 241, 0, 0),
(1, 104, 242, 0, 0),
(1, 104, 243, 0, 0),
(1, 104, 244, 0, 0),
(1, 104, 245, 0, 0),
(1, 104, 246, 0, 0),
(1, 104, 247, 0, 0),
(1, 104, 248, 0, 0),
(1, 104, 249, 0, 0),
(1, 104, 250, 0, 0),
(1, 104, 251, 0, 0),
(1, 104, 252, 0, 0),
(1, 104, 253, 0, 0),
(1, 104, 254, 0, 0),
(1, 104, 255, 0, 0),
(1, 104, 256, 0, 0),
(1, 104, 257, 0, 0),
(1, 104, 258, 0, 0),
(1, 104, 259, 0, 0),
(1, 104, 260, 0, 0),
(1, 104, 261, 0, 0),
(1, 113, 262, 0, 0),
(1, 113, 263, 0, 0),
(1, 113, 264, 0, 0),
(1, 113, 265, 0, 0),
(1, 113, 266, 0, 0),
(1, 113, 267, 0, 0),
(1, 113, 268, 0, 0),
(1, 113, 269, 0, 0),
(1, 113, 270, 0, 0),
(1, 113, 271, 0, 0),
(1, 113, 272, 0, 0),
(1, 113, 273, 0, 0),
(1, 113, 274, 0, 0),
(1, 113, 275, 0, 0),
(1, 113, 276, 0, 0),
(1, 113, 277, 0, 0),
(1, 113, 278, 0, 0),
(1, 113, 279, 0, 0),
(1, 113, 280, 0, 0),
(1, 113, 281, 0, 0),
(1, 113, 282, 0, 0),
(1, 113, 283, 0, 0),
(1, 113, 284, 0, 0),
(1, 113, 285, 0, 0),
(1, 113, 286, 0, 0),
(1, 113, 287, 0, 0),
(1, 113, 288, 0, 0),
(1, 113, 289, 0, 0),
(1, 113, 290, 0, 0),
(1, 113, 291, 0, 0),
(1, 113, 292, 0, 0),
(1, 113, 293, 0, 0),
(1, 113, 294, 0, 0),
(1, 113, 295, 0, 0),
(1, 113, 296, 0, 0),
(1, 113, 297, 0, 0),
(1, 113, 298, 0, 0),
(1, 113, 299, 0, 0),
(1, 113, 300, 0, 0),
(1, 113, 301, 0, 0),
(1, 113, 302, 0, 0),
(1, 113, 303, 0, 0),
(1, 113, 304, 0, 0),
(1, 113, 305, 0, 0),
(1, 113, 306, 0, 0),
(1, 113, 307, 0, 0),
(1, 113, 308, 0, 0),
(1, 108, 262, 14, 0),
(1, 108, 263, 14, 7),
(1, 108, 264, 14, 5),
(1, 108, 265, 14, 6),
(1, 108, 266, 14, 9),
(1, 108, 267, 14, 2),
(1, 108, 268, 14, 10),
(1, 108, 269, 14, 4),
(1, 108, 270, 14, 1),
(1, 108, 271, 14, 7),
(1, 108, 272, 14, 4),
(1, 108, 273, 14, 6),
(1, 108, 274, 14, 8),
(1, 108, 275, 14, 9),
(1, 108, 276, 14, 7),
(1, 108, 277, 14, 1),
(1, 108, 278, 14, 7),
(1, 108, 279, 14, 7),
(1, 108, 280, 14, 6),
(1, 108, 281, 14, 7),
(1, 108, 282, 14, 9),
(1, 108, 283, 14, 9),
(1, 108, 284, 14, 4),
(1, 108, 285, 14, 11),
(1, 108, 286, 14, 6),
(1, 108, 287, 14, 7),
(1, 108, 288, 14, 7),
(1, 108, 289, 14, 6),
(1, 108, 290, 14, 9),
(1, 108, 291, 14, 5),
(1, 108, 292, 14, 7),
(1, 108, 293, 14, 10),
(1, 108, 294, 14, 5),
(1, 108, 295, 14, 5),
(1, 108, 296, 14, 10),
(1, 108, 297, 14, 3),
(1, 108, 298, 14, 4),
(1, 108, 299, 14, 2),
(1, 108, 300, 14, 0),
(1, 108, 301, 14, 6),
(1, 108, 302, 14, 7),
(1, 108, 303, 14, 10),
(1, 108, 304, 14, 5),
(1, 108, 305, 14, 6),
(1, 108, 306, 14, 4),
(1, 108, 307, 14, 1),
(1, 108, 308, 14, 0),
(1, 100, 217, 9, 0),
(1, 100, 218, 9, 2),
(1, 100, 219, 9, 3),
(1, 100, 220, 9, 4),
(1, 100, 221, 9, 6),
(1, 100, 222, 9, 3),
(1, 100, 223, 9, 2),
(1, 100, 224, 9, 9),
(1, 100, 225, 9, 0),
(1, 100, 226, 9, 8),
(1, 100, 227, 9, 1),
(1, 100, 228, 9, 8),
(1, 100, 229, 9, 7),
(1, 100, 230, 9, 4),
(1, 100, 231, 9, 3),
(1, 100, 232, 9, 6),
(1, 100, 233, 9, 6),
(1, 100, 234, 9, 5),
(1, 100, 235, 9, 5),
(1, 100, 236, 9, 6),
(1, 100, 237, 9, 3),
(1, 100, 238, 9, 9),
(1, 100, 239, 9, 7),
(1, 100, 240, 9, 3),
(1, 100, 241, 9, 6),
(1, 100, 242, 9, 4),
(1, 100, 243, 9, 3),
(1, 100, 244, 9, 4),
(1, 100, 245, 9, 4),
(1, 100, 246, 9, 0),
(1, 100, 247, 9, 7),
(1, 100, 248, 9, 5),
(1, 100, 249, 9, 6),
(1, 100, 250, 9, 8),
(1, 100, 251, 9, 0),
(1, 100, 252, 9, 0),
(1, 100, 253, 9, 5),
(1, 100, 254, 9, 3),
(1, 100, 255, 9, 3),
(1, 100, 256, 9, 1),
(1, 100, 257, 9, 5),
(1, 100, 258, 9, 5),
(1, 100, 259, 9, 3),
(1, 100, 260, 9, 6),
(1, 100, 261, 9, 7),
(1, 109, 262, 9, 0),
(1, 109, 263, 9, 5),
(1, 109, 264, 9, 5),
(1, 109, 265, 9, 5),
(1, 109, 266, 9, 7),
(1, 109, 267, 9, 3),
(1, 109, 268, 9, 7),
(1, 109, 269, 9, 3),
(1, 109, 270, 9, 1),
(1, 109, 271, 9, 4),
(1, 109, 272, 9, 4),
(1, 109, 273, 9, 3),
(1, 109, 274, 9, 6),
(1, 109, 275, 9, 7),
(1, 109, 276, 9, 6),
(1, 109, 277, 9, 2),
(1, 109, 278, 9, 7),
(1, 109, 279, 9, 6),
(1, 109, 280, 9, 4),
(1, 109, 281, 9, 6),
(1, 109, 282, 9, 7),
(1, 109, 283, 9, 5),
(1, 109, 284, 9, 4),
(1, 109, 285, 9, 8),
(1, 109, 286, 9, 3),
(1, 109, 287, 9, 6),
(1, 109, 288, 9, 5),
(1, 109, 289, 9, 4),
(1, 109, 290, 9, 8),
(1, 109, 291, 9, 4),
(1, 109, 292, 9, 4),
(1, 109, 293, 9, 5),
(1, 109, 294, 9, 3),
(1, 109, 295, 9, 3),
(1, 109, 296, 9, 6),
(1, 109, 297, 9, 5),
(1, 109, 298, 9, 3),
(1, 109, 299, 9, 1),
(1, 109, 300, 9, 0),
(1, 109, 301, 9, 5),
(1, 109, 302, 9, 5),
(1, 109, 303, 9, 8),
(1, 109, 304, 9, 5),
(1, 109, 305, 9, 4),
(1, 109, 306, 9, 2),
(1, 109, 307, 9, 5),
(1, 109, 308, 9, 0),
(1, 101, 217, 15, 0),
(1, 101, 218, 15, 5),
(1, 101, 219, 15, 7),
(1, 101, 220, 15, 7),
(1, 101, 221, 15, 8),
(1, 101, 222, 15, 2),
(1, 101, 223, 15, 4),
(1, 101, 224, 15, 15),
(1, 101, 225, 15, 0),
(1, 101, 226, 15, 11),
(1, 101, 227, 15, 1),
(1, 101, 228, 15, 13),
(1, 101, 229, 15, 11),
(1, 101, 230, 15, 12),
(1, 101, 231, 15, 6),
(1, 101, 232, 15, 9),
(1, 101, 233, 15, 12),
(1, 101, 234, 15, 6),
(1, 101, 235, 15, 7),
(1, 101, 236, 15, 12),
(1, 101, 237, 15, 6),
(1, 101, 238, 15, 15),
(1, 101, 239, 15, 12),
(1, 101, 240, 15, 5),
(1, 101, 241, 15, 9),
(1, 101, 242, 15, 6),
(1, 101, 243, 15, 5),
(1, 101, 244, 15, 3),
(1, 101, 245, 15, 6),
(1, 101, 246, 15, 0),
(1, 101, 247, 15, 12),
(1, 101, 248, 15, 6),
(1, 101, 249, 15, 7),
(1, 101, 250, 15, 13),
(1, 101, 251, 15, 0),
(1, 101, 252, 15, 0),
(1, 101, 253, 15, 6),
(1, 101, 254, 15, 3),
(1, 101, 255, 15, 4),
(1, 101, 256, 15, 1),
(1, 101, 257, 15, 8),
(1, 101, 258, 15, 4),
(1, 101, 259, 15, 3),
(1, 101, 260, 15, 11),
(1, 101, 261, 15, 13),
(1, 110, 262, 15, 0),
(1, 110, 263, 15, 6),
(1, 110, 264, 15, 6),
(1, 110, 265, 15, 6),
(1, 110, 266, 15, 10),
(1, 110, 267, 15, 3),
(1, 110, 268, 15, 12),
(1, 110, 269, 15, 5),
(1, 110, 270, 15, 1),
(1, 110, 271, 15, 8),
(1, 110, 272, 15, 7),
(1, 110, 273, 15, 5),
(1, 110, 274, 15, 8),
(1, 110, 275, 15, 9),
(1, 110, 276, 15, 10),
(1, 110, 277, 15, 2),
(1, 110, 278, 15, 7),
(1, 110, 279, 15, 8),
(1, 110, 280, 15, 7),
(1, 110, 281, 15, 6),
(1, 110, 282, 15, 10),
(1, 110, 283, 15, 8),
(1, 110, 284, 15, 5),
(1, 110, 285, 15, 13),
(1, 110, 286, 15, 4),
(1, 110, 287, 15, 7),
(1, 110, 288, 15, 7),
(1, 110, 289, 15, 5),
(1, 110, 290, 15, 9),
(1, 110, 291, 15, 6),
(1, 110, 292, 15, 5),
(1, 110, 293, 15, 7),
(1, 110, 294, 15, 7),
(1, 110, 295, 15, 7),
(1, 110, 296, 15, 10),
(1, 110, 297, 15, 5),
(1, 110, 298, 15, 5),
(1, 110, 299, 15, 2),
(1, 110, 300, 15, 0),
(1, 110, 301, 15, 6),
(1, 110, 302, 15, 8),
(1, 110, 303, 15, 11),
(1, 110, 304, 15, 7),
(1, 110, 305, 15, 7),
(1, 110, 306, 15, 4),
(1, 110, 307, 15, 3),
(1, 110, 308, 15, 0),
(1, 102, 217, 13, 0),
(1, 102, 218, 13, 4),
(1, 102, 219, 13, 5),
(1, 102, 220, 13, 5),
(1, 102, 221, 13, 6),
(1, 102, 222, 13, 1),
(1, 102, 223, 13, 2),
(1, 102, 224, 13, 13),
(1, 102, 225, 13, 0),
(1, 102, 226, 13, 9),
(1, 102, 227, 13, 0),
(1, 102, 228, 13, 8),
(1, 102, 229, 13, 8),
(1, 102, 230, 13, 8),
(1, 102, 231, 13, 7),
(1, 102, 232, 13, 6),
(1, 102, 233, 13, 8),
(1, 102, 234, 13, 4),
(1, 102, 235, 13, 6),
(1, 102, 236, 13, 9),
(1, 102, 237, 13, 3),
(1, 102, 238, 13, 11),
(1, 102, 239, 13, 10),
(1, 102, 240, 13, 8),
(1, 102, 241, 13, 5),
(1, 102, 242, 13, 5),
(1, 102, 243, 13, 3),
(1, 102, 244, 13, 5),
(1, 102, 245, 13, 4),
(1, 102, 246, 13, 0),
(1, 102, 247, 13, 10),
(1, 102, 248, 13, 4),
(1, 102, 249, 13, 6),
(1, 102, 250, 13, 9),
(1, 102, 251, 13, 0),
(1, 102, 252, 13, 0),
(1, 102, 253, 13, 3),
(1, 102, 254, 13, 3),
(1, 102, 255, 13, 4),
(1, 102, 256, 13, 2),
(1, 102, 257, 13, 5),
(1, 102, 258, 13, 6),
(1, 102, 259, 13, 3),
(1, 102, 260, 13, 9),
(1, 102, 261, 13, 10),
(1, 111, 262, 13, 0),
(1, 111, 263, 13, 5),
(1, 111, 264, 13, 6),
(1, 111, 265, 13, 5),
(1, 111, 266, 13, 8),
(1, 111, 267, 13, 3),
(1, 111, 268, 13, 9),
(1, 111, 269, 13, 6),
(1, 111, 270, 13, 0),
(1, 111, 271, 13, 6),
(1, 111, 272, 13, 5),
(1, 111, 273, 13, 6),
(1, 111, 274, 13, 7),
(1, 111, 275, 13, 7),
(1, 111, 276, 13, 9),
(1, 111, 277, 13, 2),
(1, 111, 278, 13, 6),
(1, 111, 279, 13, 5),
(1, 111, 280, 13, 7),
(1, 111, 281, 13, 6),
(1, 111, 282, 13, 9),
(1, 111, 283, 13, 8),
(1, 111, 284, 13, 3),
(1, 111, 285, 13, 11),
(1, 111, 286, 13, 4),
(1, 111, 287, 13, 7),
(1, 111, 288, 13, 6),
(1, 111, 289, 13, 5),
(1, 111, 290, 13, 9),
(1, 111, 291, 13, 6),
(1, 111, 292, 13, 6),
(1, 111, 293, 13, 4),
(1, 111, 294, 13, 5),
(1, 111, 295, 13, 4),
(1, 111, 296, 13, 8),
(1, 111, 297, 13, 4),
(1, 111, 298, 13, 3),
(1, 111, 299, 13, 2),
(1, 111, 300, 13, 0),
(1, 111, 301, 13, 4),
(1, 111, 302, 13, 6),
(1, 111, 303, 13, 9),
(1, 111, 304, 13, 6),
(1, 111, 305, 13, 7),
(1, 111, 306, 13, 4),
(1, 111, 307, 13, 2),
(1, 111, 308, 13, 0),
(1, 103, 217, 13, 0),
(1, 103, 218, 13, 3),
(1, 103, 219, 13, 3),
(1, 103, 220, 13, 6),
(1, 103, 221, 13, 8),
(1, 103, 222, 13, 5),
(1, 103, 223, 13, 5),
(1, 103, 224, 13, 13),
(1, 103, 225, 13, 0),
(1, 103, 226, 13, 8),
(1, 103, 227, 13, 1),
(1, 103, 228, 13, 11),
(1, 103, 229, 13, 11),
(1, 103, 230, 13, 11),
(1, 103, 231, 13, 6),
(1, 103, 232, 13, 8),
(1, 103, 233, 13, 12),
(1, 103, 234, 13, 8),
(1, 103, 235, 13, 7),
(1, 103, 236, 13, 10),
(1, 103, 237, 13, 6),
(1, 103, 238, 13, 13),
(1, 103, 239, 13, 11),
(1, 103, 240, 13, 2),
(1, 103, 241, 13, 10),
(1, 103, 242, 13, 3),
(1, 103, 243, 13, 4),
(1, 103, 244, 13, 5),
(1, 103, 245, 13, 4),
(1, 103, 246, 13, 0),
(1, 103, 247, 13, 9),
(1, 103, 248, 13, 5),
(1, 103, 249, 13, 5),
(1, 103, 250, 13, 9),
(1, 103, 251, 13, 0),
(1, 103, 252, 13, 0),
(1, 103, 253, 13, 2),
(1, 103, 254, 13, 0),
(1, 103, 255, 13, 5),
(1, 103, 256, 13, 0),
(1, 103, 257, 13, 9),
(1, 103, 258, 13, 6),
(1, 103, 259, 13, 2),
(1, 103, 260, 13, 11),
(1, 103, 261, 13, 12),
(1, 112, 262, 13, 0),
(1, 112, 263, 13, 6),
(1, 112, 264, 13, 4),
(1, 112, 265, 13, 6),
(1, 112, 266, 13, 7),
(1, 112, 267, 13, 2),
(1, 112, 268, 13, 9),
(1, 112, 269, 13, 4),
(1, 112, 270, 13, 1),
(1, 112, 271, 13, 7),
(1, 112, 272, 13, 7),
(1, 112, 273, 13, 4),
(1, 112, 274, 13, 6),
(1, 112, 275, 13, 7),
(1, 112, 276, 13, 9),
(1, 112, 277, 13, 1),
(1, 112, 278, 13, 5),
(1, 112, 279, 13, 7),
(1, 112, 280, 13, 8),
(1, 112, 281, 13, 6),
(1, 112, 282, 13, 8),
(1, 112, 283, 13, 8),
(1, 112, 284, 13, 5),
(1, 112, 285, 13, 11),
(1, 112, 286, 13, 5),
(1, 112, 287, 13, 5),
(1, 112, 288, 13, 6),
(1, 112, 289, 13, 6),
(1, 112, 290, 13, 8),
(1, 112, 291, 13, 5),
(1, 112, 292, 13, 4),
(1, 112, 293, 13, 5),
(1, 112, 294, 13, 5),
(1, 112, 295, 13, 6),
(1, 112, 296, 13, 9),
(1, 112, 297, 13, 4),
(1, 112, 298, 13, 5),
(1, 112, 299, 13, 1),
(1, 112, 300, 13, 0),
(1, 112, 301, 13, 6),
(1, 112, 302, 13, 8),
(1, 112, 303, 13, 9),
(1, 112, 304, 13, 8),
(1, 112, 305, 13, 8),
(1, 112, 306, 13, 5),
(1, 112, 307, 13, 2),
(1, 112, 308, 13, 0),
(3, 99, 217, 6, 0),
(3, 99, 218, 6, 5),
(3, 99, 219, 6, 2),
(3, 99, 220, 6, 5),
(3, 99, 221, 6, 5),
(3, 99, 222, 6, 0),
(3, 99, 223, 6, 3),
(3, 99, 224, 6, 4),
(3, 99, 225, 6, 0),
(3, 99, 226, 6, 1),
(3, 99, 227, 6, 2),
(3, 99, 228, 6, 4),
(3, 99, 229, 6, 5),
(3, 99, 230, 6, 2),
(3, 99, 231, 6, 0),
(3, 99, 232, 6, 5),
(3, 99, 233, 6, 4),
(3, 99, 234, 6, 4),
(3, 99, 235, 6, 0),
(3, 99, 236, 6, 4),
(3, 99, 237, 6, 4),
(3, 99, 238, 6, 6),
(3, 99, 239, 6, 4),
(3, 99, 240, 6, 0),
(3, 99, 241, 6, 0),
(3, 99, 242, 6, 1),
(3, 99, 243, 6, 1),
(3, 99, 244, 6, 4),
(3, 99, 245, 6, 5),
(3, 99, 246, 6, 0),
(3, 99, 247, 6, 3),
(3, 99, 248, 6, 3),
(3, 99, 249, 6, 3),
(3, 99, 250, 6, 5),
(3, 99, 251, 6, 5),
(3, 99, 252, 6, 1),
(3, 99, 253, 6, 5),
(3, 99, 254, 6, 0),
(3, 99, 255, 6, 1),
(3, 99, 256, 6, 0),
(3, 99, 257, 6, 3),
(3, 99, 258, 6, 4),
(3, 99, 259, 6, 5),
(3, 99, 260, 6, 4),
(3, 99, 261, 6, 5),
(3, 108, 262, 6, 0),
(3, 108, 263, 6, 2),
(3, 108, 264, 6, 1),
(3, 108, 265, 6, 2),
(3, 108, 266, 6, 5),
(3, 108, 267, 6, 5),
(3, 108, 268, 6, 4),
(3, 108, 269, 6, 3),
(3, 108, 270, 6, 6),
(3, 108, 271, 6, 4),
(3, 108, 272, 6, 5),
(3, 108, 273, 6, 1),
(3, 108, 274, 6, 4),
(3, 108, 275, 6, 5),
(3, 108, 276, 6, 4),
(3, 108, 277, 6, 1),
(3, 108, 278, 6, 0),
(3, 108, 279, 6, 6),
(3, 108, 280, 6, 5),
(3, 108, 281, 6, 5),
(3, 108, 282, 6, 5),
(3, 108, 283, 6, 5),
(3, 108, 284, 6, 3),
(3, 108, 285, 6, 4),
(3, 108, 286, 6, 4),
(3, 108, 287, 6, 3),
(3, 108, 288, 6, 4),
(3, 108, 289, 6, 5),
(3, 108, 290, 6, 3),
(3, 108, 291, 6, 0),
(3, 108, 292, 6, 4),
(3, 108, 293, 6, 0),
(3, 108, 294, 6, 3),
(3, 108, 295, 6, 6),
(3, 108, 296, 6, 4),
(3, 108, 297, 6, 4),
(3, 108, 298, 6, 3),
(3, 108, 299, 6, 0),
(3, 108, 300, 6, 0),
(3, 108, 301, 6, 5),
(3, 108, 302, 6, 2),
(3, 108, 303, 6, 0),
(3, 108, 304, 6, 0),
(3, 108, 305, 6, 0),
(3, 108, 306, 6, 3),
(3, 108, 307, 6, 0),
(3, 108, 308, 6, 0),
(3, 104, 217, 2, 0),
(3, 104, 218, 2, 0),
(3, 104, 219, 2, 0),
(3, 104, 220, 2, 2),
(3, 104, 221, 2, 0),
(3, 104, 222, 2, 1),
(3, 104, 223, 2, 1),
(3, 104, 224, 2, 2),
(3, 104, 225, 2, 0),
(3, 104, 226, 2, 0),
(3, 104, 227, 2, 1),
(3, 104, 228, 2, 2),
(3, 104, 229, 2, 1),
(3, 104, 230, 2, 1),
(3, 104, 231, 2, 0),
(3, 104, 232, 2, 2),
(3, 104, 233, 2, 2),
(3, 104, 234, 2, 2),
(3, 104, 235, 2, 1),
(3, 104, 236, 2, 0),
(3, 104, 237, 2, 2),
(3, 104, 238, 2, 2),
(3, 104, 239, 2, 2),
(3, 104, 240, 2, 0),
(3, 104, 241, 2, 1),
(3, 104, 242, 2, 1),
(3, 104, 243, 2, 0),
(3, 104, 244, 2, 0),
(3, 104, 245, 2, 1),
(3, 104, 246, 2, 0),
(3, 104, 247, 2, 1),
(3, 104, 248, 2, 2),
(3, 104, 249, 2, 1),
(3, 104, 250, 2, 1),
(3, 104, 251, 2, 1),
(3, 104, 252, 2, 1),
(3, 104, 253, 2, 1),
(3, 104, 254, 2, 0),
(3, 104, 255, 2, 0),
(3, 104, 256, 2, 0),
(3, 104, 257, 2, 0),
(3, 104, 258, 2, 0),
(3, 104, 259, 2, 2),
(3, 104, 260, 2, 1),
(3, 104, 261, 2, 2),
(3, 113, 262, 2, 0),
(3, 113, 263, 2, 1),
(3, 113, 264, 2, 0),
(3, 113, 265, 2, 0),
(3, 113, 266, 2, 2),
(3, 113, 267, 2, 2),
(3, 113, 268, 2, 1),
(3, 113, 269, 2, 1),
(3, 113, 270, 2, 2),
(3, 113, 271, 2, 1),
(3, 113, 272, 2, 2),
(3, 113, 273, 2, 0),
(3, 113, 274, 2, 1),
(3, 113, 275, 2, 1),
(3, 113, 276, 2, 2),
(3, 113, 277, 2, 2),
(3, 113, 278, 2, 0),
(3, 113, 279, 2, 2),
(3, 113, 280, 2, 1),
(3, 113, 281, 2, 2),
(3, 113, 282, 2, 2),
(3, 113, 283, 2, 2),
(3, 113, 284, 2, 2),
(3, 113, 285, 2, 1),
(3, 113, 286, 2, 1),
(3, 113, 287, 2, 1),
(3, 113, 288, 2, 2),
(3, 113, 289, 2, 1),
(3, 113, 290, 2, 2),
(3, 113, 291, 2, 0),
(3, 113, 292, 2, 1),
(3, 113, 293, 2, 1),
(3, 113, 294, 2, 1),
(3, 113, 295, 2, 1),
(3, 113, 296, 2, 1),
(3, 113, 297, 2, 2),
(3, 113, 298, 2, 1),
(3, 113, 299, 2, 0),
(3, 113, 300, 2, 0),
(3, 113, 301, 2, 2),
(3, 113, 302, 2, 1),
(3, 113, 303, 2, 0),
(3, 113, 304, 2, 0),
(3, 113, 305, 2, 0),
(3, 113, 306, 2, 2),
(3, 113, 307, 2, 1),
(3, 113, 308, 2, 0),
(3, 106, 217, 5, 0),
(3, 106, 218, 5, 2),
(3, 106, 219, 5, 0),
(3, 106, 220, 5, 4),
(3, 106, 221, 5, 0),
(3, 106, 222, 5, 0),
(3, 106, 223, 5, 1),
(3, 106, 224, 5, 5),
(3, 106, 225, 5, 0),
(3, 106, 226, 5, 1),
(3, 106, 227, 5, 0),
(3, 106, 228, 5, 3),
(3, 106, 229, 5, 0),
(3, 106, 230, 5, 0),
(3, 106, 231, 5, 0),
(3, 106, 232, 5, 3),
(3, 106, 233, 5, 2),
(3, 106, 234, 5, 3),
(3, 106, 235, 5, 0),
(3, 106, 236, 5, 0),
(3, 106, 237, 5, 0),
(3, 106, 238, 5, 5),
(3, 106, 239, 5, 1),
(3, 106, 240, 5, 0),
(3, 106, 241, 5, 1),
(3, 106, 242, 5, 0),
(3, 106, 243, 5, 1),
(3, 106, 244, 5, 0),
(3, 106, 245, 5, 0),
(3, 106, 246, 5, 0),
(3, 106, 247, 5, 0),
(3, 106, 248, 5, 3),
(3, 106, 249, 5, 3),
(3, 106, 250, 5, 1),
(3, 106, 251, 5, 0),
(3, 106, 252, 5, 1),
(3, 106, 253, 5, 2),
(3, 106, 254, 5, 0),
(3, 106, 255, 5, 0),
(3, 106, 256, 5, 0),
(3, 106, 257, 5, 0),
(3, 106, 258, 5, 0),
(3, 106, 259, 5, 3),
(3, 106, 260, 5, 4),
(3, 106, 261, 5, 4),
(3, 115, 262, 5, 0),
(3, 115, 263, 5, 0),
(3, 115, 264, 5, 0),
(3, 115, 265, 5, 0),
(3, 115, 266, 5, 0),
(3, 115, 267, 5, 5),
(3, 115, 268, 5, 1),
(3, 115, 269, 5, 1),
(3, 115, 270, 5, 5),
(3, 115, 271, 5, 2),
(3, 115, 272, 5, 2),
(3, 115, 273, 5, 0),
(3, 115, 274, 5, 2),
(3, 115, 275, 5, 1),
(3, 115, 276, 5, 3),
(3, 115, 277, 5, 3),
(3, 115, 278, 5, 0),
(3, 115, 279, 5, 2),
(3, 115, 280, 5, 2),
(3, 115, 281, 5, 3),
(3, 115, 282, 5, 2),
(3, 115, 283, 5, 2),
(3, 115, 284, 5, 2),
(3, 115, 285, 5, 3),
(3, 115, 286, 5, 0),
(3, 115, 287, 5, 2),
(3, 115, 288, 5, 2),
(3, 115, 289, 5, 1),
(3, 115, 290, 5, 1),
(3, 115, 291, 5, 0),
(3, 115, 292, 5, 2),
(3, 115, 293, 5, 0),
(3, 115, 294, 5, 2),
(3, 115, 295, 5, 3),
(3, 115, 296, 5, 1),
(3, 115, 297, 5, 2),
(3, 115, 298, 5, 2),
(3, 115, 299, 5, 0),
(3, 115, 300, 5, 0),
(3, 115, 301, 5, 2),
(3, 115, 302, 5, 0),
(3, 115, 303, 5, 0),
(3, 115, 304, 5, 0),
(3, 115, 305, 5, 0),
(3, 115, 306, 5, 3),
(3, 115, 307, 5, 1),
(3, 115, 308, 5, 0),
(3, 103, 217, 8, 0),
(3, 103, 218, 8, 5),
(3, 103, 219, 8, 0),
(3, 103, 220, 8, 6),
(3, 103, 221, 8, 5),
(3, 103, 222, 8, 0),
(3, 103, 223, 8, 1),
(3, 103, 224, 8, 6),
(3, 103, 225, 8, 0),
(3, 103, 226, 8, 0),
(3, 103, 227, 8, 1),
(3, 103, 228, 8, 8),
(3, 103, 229, 8, 4),
(3, 103, 230, 8, 4),
(3, 103, 231, 8, 0),
(3, 103, 232, 8, 5),
(3, 103, 233, 8, 7),
(3, 103, 234, 8, 4),
(3, 103, 235, 8, 2),
(3, 103, 236, 8, 4),
(3, 103, 237, 8, 0),
(3, 103, 238, 8, 8),
(3, 103, 239, 8, 4),
(3, 103, 240, 8, 0),
(3, 103, 241, 8, 1),
(3, 103, 242, 8, 5),
(3, 103, 243, 8, 1),
(3, 103, 244, 8, 3),
(3, 103, 245, 8, 5),
(3, 103, 246, 8, 0),
(3, 103, 247, 8, 1),
(3, 103, 248, 8, 3),
(3, 103, 249, 8, 5),
(3, 103, 250, 8, 6),
(3, 103, 251, 8, 4),
(3, 103, 252, 8, 3),
(3, 103, 253, 8, 5),
(3, 103, 254, 8, 2),
(3, 103, 255, 8, 2),
(3, 103, 256, 8, 0),
(3, 103, 257, 8, 4),
(3, 103, 258, 8, 3),
(3, 103, 259, 8, 7),
(3, 103, 260, 8, 5),
(3, 103, 261, 8, 7),
(3, 101, 217, 7, 0),
(3, 101, 218, 7, 3),
(3, 101, 219, 7, 1),
(3, 101, 220, 7, 6),
(3, 101, 221, 7, 3),
(3, 101, 222, 7, 1),
(3, 101, 223, 7, 1),
(3, 101, 224, 7, 5),
(3, 101, 225, 7, 0),
(3, 101, 226, 7, 1),
(3, 101, 227, 7, 2),
(3, 101, 228, 7, 7),
(3, 101, 229, 7, 2),
(3, 101, 230, 7, 1),
(3, 101, 231, 7, 0),
(3, 101, 232, 7, 2),
(3, 101, 233, 7, 4),
(3, 101, 234, 7, 2),
(3, 101, 235, 7, 0),
(3, 101, 236, 7, 4),
(3, 101, 237, 7, 1),
(3, 101, 238, 7, 7),
(3, 101, 239, 7, 8),
(3, 101, 240, 7, 1),
(3, 101, 241, 7, 0),
(3, 101, 242, 7, 3),
(3, 101, 243, 7, 0),
(3, 101, 244, 7, 2),
(3, 101, 245, 7, 3),
(3, 101, 246, 7, 0),
(3, 101, 247, 7, 1),
(3, 101, 248, 7, 3),
(3, 101, 249, 7, 4),
(3, 101, 250, 7, 4),
(3, 101, 251, 7, 6),
(3, 101, 252, 7, 1),
(3, 101, 253, 7, 4),
(3, 101, 254, 7, 0),
(3, 101, 255, 7, 1),
(3, 101, 256, 7, 0),
(3, 101, 257, 7, 3),
(3, 101, 258, 7, 2),
(3, 101, 259, 7, 7),
(3, 101, 260, 7, 5),
(3, 101, 261, 7, 6),
(3, 110, 262, 7, 0),
(3, 110, 263, 7, 0),
(3, 110, 264, 7, 1),
(3, 110, 265, 7, 1),
(3, 110, 266, 7, 2),
(3, 110, 267, 7, 6),
(3, 110, 268, 7, 4),
(3, 110, 269, 7, 0),
(3, 110, 270, 7, 6),
(3, 110, 271, 7, 4),
(3, 110, 272, 7, 3),
(3, 110, 273, 7, 1),
(3, 110, 274, 7, 3),
(3, 110, 275, 7, 2),
(3, 110, 276, 7, 5),
(3, 110, 277, 7, 3),
(3, 110, 278, 7, 0),
(3, 110, 279, 7, 2),
(3, 110, 280, 7, 3),
(3, 110, 281, 7, 4),
(3, 110, 282, 7, 3),
(3, 110, 283, 7, 3),
(3, 110, 284, 7, 3),
(3, 110, 285, 7, 4),
(3, 110, 286, 7, 1),
(3, 110, 287, 7, 3),
(3, 110, 288, 7, 2),
(3, 110, 289, 7, 2),
(3, 110, 290, 7, 3),
(3, 110, 291, 7, 1),
(3, 110, 292, 7, 4),
(3, 110, 293, 7, 0),
(3, 110, 294, 7, 2),
(3, 110, 295, 7, 5),
(3, 110, 296, 7, 1),
(3, 110, 297, 7, 2),
(3, 110, 298, 7, 1),
(3, 110, 299, 7, 0),
(3, 110, 300, 7, 0),
(3, 110, 301, 7, 3),
(3, 110, 302, 7, 1),
(3, 110, 303, 7, 0),
(3, 110, 304, 7, 0),
(3, 110, 305, 7, 3),
(3, 110, 306, 7, 3),
(3, 110, 307, 7, 1),
(3, 110, 308, 7, 0),
(3, 112, 262, 8, 0),
(3, 112, 263, 8, 0),
(3, 112, 264, 8, 0),
(3, 112, 265, 8, 0),
(3, 112, 266, 8, 3),
(3, 112, 267, 8, 7),
(3, 112, 268, 8, 4),
(3, 112, 269, 8, 3),
(3, 112, 270, 8, 7),
(3, 112, 271, 8, 6),
(3, 112, 272, 8, 5),
(3, 112, 273, 8, 2),
(3, 112, 274, 8, 3),
(3, 112, 275, 8, 5),
(3, 112, 276, 8, 4),
(3, 112, 277, 8, 2),
(3, 112, 278, 8, 0),
(3, 112, 279, 8, 4),
(3, 112, 280, 8, 4),
(3, 112, 281, 8, 6),
(3, 112, 282, 8, 5),
(3, 112, 283, 8, 3),
(3, 112, 284, 8, 3),
(3, 112, 285, 8, 5),
(3, 112, 286, 8, 1),
(3, 112, 287, 8, 4),
(3, 112, 288, 8, 2),
(3, 112, 289, 8, 3),
(3, 112, 290, 8, 2),
(3, 112, 291, 8, 2),
(3, 112, 292, 8, 3),
(3, 112, 293, 8, 0),
(3, 112, 294, 8, 2),
(3, 112, 295, 8, 4),
(3, 112, 296, 8, 4),
(3, 112, 297, 8, 3),
(3, 112, 298, 8, 5),
(3, 112, 299, 8, 0),
(3, 112, 300, 8, 0),
(3, 112, 301, 8, 6),
(3, 112, 302, 8, 3),
(3, 112, 303, 8, 3),
(3, 112, 304, 8, 2),
(3, 112, 305, 8, 2),
(3, 112, 306, 8, 9),
(3, 112, 307, 8, 1),
(3, 112, 308, 8, 0),
(3, 100, 217, 9, 1),
(3, 100, 218, 9, 5),
(3, 100, 219, 9, 3),
(3, 100, 220, 9, 7),
(3, 100, 221, 9, 4),
(3, 100, 222, 9, 1),
(3, 100, 223, 9, 2),
(3, 100, 224, 9, 4),
(3, 100, 225, 9, 1),
(3, 100, 226, 9, 2),
(3, 100, 227, 9, 1),
(3, 100, 228, 9, 8),
(3, 100, 229, 9, 3),
(3, 100, 230, 9, 5),
(3, 100, 231, 9, 1),
(3, 100, 232, 9, 4),
(3, 100, 233, 9, 7),
(3, 100, 234, 9, 3),
(3, 100, 235, 9, 1),
(3, 100, 236, 9, 5),
(3, 100, 237, 9, 0),
(3, 100, 238, 9, 8),
(3, 100, 239, 9, 4),
(3, 100, 240, 9, 1),
(3, 100, 241, 9, 1),
(3, 100, 242, 9, 4),
(3, 100, 243, 9, 1),
(3, 100, 244, 9, 3),
(3, 100, 245, 9, 4),
(3, 100, 246, 9, 1),
(3, 100, 247, 9, 1),
(3, 100, 248, 9, 1),
(3, 100, 249, 9, 7),
(3, 100, 250, 9, 6),
(3, 100, 251, 9, 6),
(3, 100, 252, 9, 2),
(3, 100, 253, 9, 5),
(3, 100, 254, 9, 1),
(3, 100, 255, 9, 4),
(3, 100, 256, 9, 1),
(3, 100, 257, 9, 5),
(3, 100, 258, 9, 3),
(3, 100, 259, 9, 8),
(3, 100, 260, 9, 5),
(3, 100, 261, 9, 5),
(3, 109, 262, 9, 1),
(3, 109, 263, 9, 0),
(3, 109, 264, 9, 3),
(3, 109, 265, 9, 0),
(3, 109, 266, 9, 4),
(3, 109, 267, 9, 8),
(3, 109, 268, 9, 3),
(3, 109, 269, 9, 3),
(3, 109, 270, 9, 8),
(3, 109, 271, 9, 7),
(3, 109, 272, 9, 5),
(3, 109, 273, 9, 1),
(3, 109, 274, 9, 5),
(3, 109, 275, 9, 5),
(3, 109, 276, 9, 4),
(3, 109, 277, 9, 2),
(3, 109, 278, 9, 0),
(3, 109, 279, 9, 4),
(3, 109, 280, 9, 5),
(3, 109, 281, 9, 6),
(3, 109, 282, 9, 5),
(3, 109, 283, 9, 3),
(3, 109, 284, 9, 4),
(3, 109, 285, 9, 6),
(3, 109, 286, 9, 3),
(3, 109, 287, 9, 6),
(3, 109, 288, 9, 3),
(3, 109, 289, 9, 4),
(3, 109, 290, 9, 2),
(3, 109, 291, 9, 1),
(3, 109, 292, 9, 5),
(3, 109, 293, 9, 0),
(3, 109, 294, 9, 3),
(3, 109, 295, 9, 7),
(3, 109, 296, 9, 4),
(3, 109, 297, 9, 3),
(3, 109, 298, 9, 3),
(3, 109, 299, 9, 0),
(3, 109, 300, 9, 0),
(3, 109, 301, 9, 5),
(3, 109, 302, 9, 3),
(3, 109, 303, 9, 4),
(3, 109, 304, 9, 0),
(3, 109, 305, 9, 1),
(3, 109, 306, 9, 6),
(3, 109, 307, 9, 3),
(3, 109, 308, 9, 1),
(3, 105, 217, 1, 0),
(3, 105, 218, 1, 1),
(3, 105, 219, 1, 0),
(3, 105, 220, 1, 1),
(3, 105, 221, 1, 0),
(3, 105, 222, 1, 0),
(3, 105, 223, 1, 0),
(3, 105, 224, 1, 0),
(3, 105, 225, 1, 0),
(3, 105, 226, 1, 0),
(3, 105, 227, 1, 0),
(3, 105, 228, 1, 1),
(3, 105, 229, 1, 1),
(3, 105, 230, 1, 1),
(3, 105, 231, 1, 0),
(3, 105, 232, 1, 1),
(3, 105, 233, 1, 1),
(3, 105, 234, 1, 1),
(3, 105, 235, 1, 0),
(3, 105, 236, 1, 1),
(3, 105, 237, 1, 1),
(3, 105, 238, 1, 0),
(3, 105, 239, 1, 0),
(3, 105, 240, 1, 0),
(3, 105, 241, 1, 0),
(3, 105, 242, 1, 1),
(3, 105, 243, 1, 0),
(3, 105, 244, 1, 0),
(3, 105, 245, 1, 1),
(3, 105, 246, 1, 0),
(3, 105, 247, 1, 1),
(3, 105, 248, 1, 0),
(3, 105, 249, 1, 1),
(3, 105, 250, 1, 0),
(3, 105, 251, 1, 0),
(3, 105, 252, 1, 0),
(3, 105, 253, 1, 1),
(3, 105, 254, 1, 0),
(3, 105, 255, 1, 0),
(3, 105, 256, 1, 0),
(3, 105, 257, 1, 1),
(3, 105, 258, 1, 0),
(3, 105, 259, 1, 1),
(3, 105, 260, 1, 1),
(3, 105, 261, 1, 1),
(3, 114, 262, 1, 0),
(3, 114, 263, 1, 0),
(3, 114, 264, 1, 0),
(3, 114, 265, 1, 0),
(3, 114, 266, 1, 0),
(3, 114, 267, 1, 1),
(3, 114, 268, 1, 1),
(3, 114, 269, 1, 1),
(3, 114, 270, 1, 1),
(3, 114, 271, 1, 1),
(3, 114, 272, 1, 1),
(3, 114, 273, 1, 0),
(3, 114, 274, 1, 1),
(3, 114, 275, 1, 1),
(3, 114, 276, 1, 0),
(3, 114, 277, 1, 1),
(3, 114, 278, 1, 0),
(3, 114, 279, 1, 1),
(3, 114, 280, 1, 1),
(3, 114, 281, 1, 1),
(3, 114, 282, 1, 1),
(3, 114, 283, 1, 0),
(3, 114, 284, 1, 0),
(3, 114, 285, 1, 1),
(3, 114, 286, 1, 0),
(3, 114, 287, 1, 1),
(3, 114, 288, 1, 0),
(3, 114, 289, 1, 1),
(3, 114, 290, 1, 0),
(3, 114, 291, 1, 0),
(3, 114, 292, 1, 1),
(3, 114, 293, 1, 0),
(3, 114, 294, 1, 1),
(3, 114, 295, 1, 1),
(3, 114, 296, 1, 1),
(3, 114, 297, 1, 1),
(3, 114, 298, 1, 1),
(3, 114, 299, 1, 0),
(3, 114, 300, 1, 0),
(3, 114, 301, 1, 1),
(3, 114, 302, 1, 0),
(3, 114, 303, 1, 0),
(3, 114, 304, 1, 0),
(3, 114, 305, 1, 0),
(3, 114, 306, 1, 1),
(3, 114, 307, 1, 1),
(3, 114, 308, 1, 0),
(3, 102, 217, 8, 0),
(3, 102, 218, 8, 4),
(3, 102, 219, 8, 1),
(3, 102, 220, 8, 5),
(3, 102, 221, 8, 3),
(3, 102, 222, 8, 0),
(3, 102, 223, 8, 1),
(3, 102, 224, 8, 6),
(3, 102, 225, 8, 0),
(3, 102, 226, 8, 1),
(3, 102, 227, 8, 1),
(3, 102, 228, 8, 7),
(3, 102, 229, 8, 3),
(3, 102, 230, 8, 2),
(3, 102, 231, 8, 0),
(3, 102, 232, 8, 4),
(3, 102, 233, 8, 6),
(3, 102, 234, 8, 4),
(3, 102, 235, 8, 0),
(3, 102, 236, 8, 4),
(3, 102, 237, 8, 0),
(3, 102, 238, 8, 3),
(3, 102, 239, 8, 5),
(3, 102, 240, 8, 3),
(3, 102, 241, 8, 2),
(3, 102, 242, 8, 4),
(3, 102, 243, 8, 1),
(3, 102, 244, 8, 1),
(3, 102, 245, 8, 3),
(3, 102, 246, 8, 0),
(3, 102, 247, 8, 0),
(3, 102, 248, 8, 4),
(3, 102, 249, 8, 5),
(3, 102, 250, 8, 4),
(3, 102, 251, 8, 8),
(3, 102, 252, 8, 2),
(3, 102, 253, 8, 4),
(3, 102, 254, 8, 0),
(3, 102, 255, 8, 1),
(3, 102, 256, 8, 0),
(3, 102, 257, 8, 3),
(3, 102, 258, 8, 1),
(3, 102, 259, 8, 4),
(3, 102, 260, 8, 5),
(3, 102, 261, 8, 5),
(3, 111, 262, 8, 0),
(3, 111, 263, 8, 0),
(3, 111, 264, 8, 0),
(3, 111, 265, 8, 0),
(3, 111, 266, 8, 3),
(3, 111, 267, 8, 6),
(3, 111, 268, 8, 4),
(3, 111, 269, 8, 1),
(3, 111, 270, 8, 7),
(3, 111, 271, 8, 5),
(3, 111, 272, 8, 4),
(3, 111, 273, 8, 2),
(3, 111, 274, 8, 4),
(3, 111, 275, 8, 3),
(3, 111, 276, 8, 5),
(3, 111, 277, 8, 4),
(3, 111, 278, 8, 0),
(3, 111, 279, 8, 4),
(3, 111, 280, 8, 3),
(3, 111, 281, 8, 5),
(3, 111, 282, 8, 5),
(3, 111, 283, 8, 3),
(3, 111, 284, 8, 2),
(3, 111, 285, 8, 3),
(3, 111, 286, 8, 2),
(3, 111, 287, 8, 3),
(3, 111, 288, 8, 4),
(3, 111, 289, 8, 3),
(3, 111, 290, 8, 4),
(3, 111, 291, 8, 2),
(3, 111, 292, 8, 3),
(3, 111, 293, 8, 0),
(3, 111, 294, 8, 3),
(3, 111, 295, 8, 6),
(3, 111, 296, 8, 2),
(3, 111, 297, 8, 3),
(3, 111, 298, 8, 5),
(3, 111, 299, 8, 0),
(3, 111, 300, 8, 0),
(3, 111, 301, 8, 5),
(3, 111, 302, 8, 1),
(3, 111, 303, 8, 1),
(3, 111, 304, 8, -1),
(3, 111, 305, 8, 0),
(3, 111, 306, 8, 3),
(3, 111, 307, 8, 1),
(3, 111, 308, 8, 0),
(4, 100, 217, 5, 0),
(4, 100, 218, 5, 1),
(4, 100, 219, 5, 0),
(4, 100, 220, 5, 3),
(4, 100, 221, 5, 1),
(4, 100, 222, 5, 0),
(4, 100, 223, 5, 1),
(4, 100, 224, 5, 5),
(4, 100, 225, 5, 0),
(4, 100, 226, 5, 0),
(4, 100, 227, 5, 0),
(4, 100, 228, 5, 2),
(4, 100, 229, 5, 0),
(4, 100, 230, 5, 0),
(4, 100, 231, 5, 0),
(4, 100, 232, 5, 3),
(4, 100, 233, 5, 4),
(4, 100, 234, 5, 3),
(4, 100, 235, 5, 0),
(4, 100, 236, 5, 2),
(4, 100, 237, 5, 0),
(4, 100, 238, 5, 5),
(4, 100, 239, 5, 2),
(4, 100, 240, 5, 0),
(4, 100, 241, 5, 0),
(4, 100, 242, 5, 2),
(4, 100, 243, 5, 0),
(4, 100, 244, 5, 0),
(4, 100, 245, 5, 4),
(4, 100, 246, 5, 0),
(4, 100, 247, 5, 1),
(4, 100, 248, 5, 1),
(4, 100, 249, 5, 3),
(4, 100, 250, 5, 1),
(4, 100, 251, 5, 3),
(4, 100, 252, 5, 1),
(4, 100, 253, 5, 1),
(4, 100, 254, 5, 1),
(4, 100, 255, 5, 0),
(4, 100, 256, 5, 0),
(4, 100, 257, 5, 2),
(4, 100, 258, 5, 0),
(4, 100, 259, 5, 2),
(4, 100, 260, 5, 1),
(4, 100, 261, 5, 1),
(4, 109, 262, 5, 0),
(4, 109, 263, 5, 0),
(4, 109, 264, 5, 0),
(4, 109, 265, 5, 0),
(4, 109, 266, 5, 1),
(4, 109, 267, 5, 5),
(4, 109, 268, 5, 2),
(4, 109, 269, 5, 2),
(4, 109, 270, 5, 5),
(4, 109, 271, 5, 1),
(4, 109, 272, 5, 3),
(4, 109, 273, 5, 0),
(4, 109, 274, 5, 2),
(4, 109, 275, 5, 3),
(4, 109, 276, 5, 2),
(4, 109, 277, 5, 0),
(4, 109, 278, 5, 0),
(4, 109, 279, 5, 3),
(4, 109, 280, 5, 1),
(4, 109, 281, 5, 3),
(4, 109, 282, 5, 3),
(4, 109, 283, 5, 1),
(4, 109, 284, 5, 0),
(4, 109, 285, 5, 3),
(4, 109, 286, 5, 2),
(4, 109, 287, 5, 1),
(4, 109, 288, 5, 2),
(4, 109, 289, 5, 0),
(4, 109, 290, 5, 1),
(4, 109, 291, 5, 0),
(4, 109, 292, 5, 2),
(4, 109, 293, 5, 0),
(4, 109, 294, 5, 2),
(4, 109, 295, 5, 3),
(4, 109, 296, 5, 1),
(4, 109, 297, 5, 0),
(4, 109, 298, 5, 3),
(4, 109, 299, 5, 0),
(4, 109, 300, 5, 0),
(4, 109, 301, 5, 3),
(4, 109, 302, 5, 0),
(4, 109, 303, 5, 0),
(4, 109, 304, 5, 0),
(4, 109, 305, 5, 1),
(4, 109, 306, 5, 1),
(4, 109, 307, 5, 0),
(4, 109, 308, 5, 0),
(4, 99, 217, 7, 0),
(4, 99, 218, 7, 2),
(4, 99, 219, 7, 1),
(4, 99, 220, 7, 5),
(4, 99, 221, 7, 1),
(4, 99, 222, 7, 0),
(4, 99, 223, 7, 0),
(4, 99, 224, 7, 6),
(4, 99, 225, 7, 0),
(4, 99, 226, 7, 1),
(4, 99, 227, 7, 0),
(4, 99, 228, 7, 5),
(4, 99, 229, 7, 3),
(4, 99, 230, 7, 0),
(4, 99, 231, 7, 0),
(4, 99, 232, 7, 4),
(4, 99, 233, 7, 5),
(4, 99, 234, 7, 3),
(4, 99, 235, 7, 0),
(4, 99, 236, 7, 4),
(4, 99, 237, 7, 0),
(4, 99, 238, 7, 6),
(4, 99, 239, 7, 3),
(4, 99, 240, 7, 0),
(4, 99, 241, 7, 0),
(4, 99, 242, 7, 3),
(4, 99, 243, 7, 0),
(4, 99, 244, 7, 1),
(4, 99, 245, 7, 6),
(4, 99, 246, 7, 0),
(4, 99, 247, 7, 3),
(4, 99, 248, 7, 0),
(4, 99, 249, 7, 1),
(4, 99, 250, 7, 4),
(4, 99, 251, 7, 4),
(4, 99, 252, 7, 2),
(4, 99, 253, 7, 2),
(4, 99, 254, 7, 3),
(4, 99, 255, 7, 1),
(4, 99, 256, 7, 0),
(4, 99, 257, 7, 3),
(4, 99, 258, 7, 1),
(4, 99, 259, 7, 3),
(4, 99, 260, 7, 3),
(4, 99, 261, 7, 4),
(4, 108, 262, 6, 0),
(4, 108, 263, 6, 0),
(4, 108, 264, 6, 0),
(4, 108, 265, 6, 0),
(4, 108, 266, 6, 2),
(4, 108, 267, 6, 6),
(4, 108, 268, 6, 3),
(4, 108, 269, 6, 2),
(4, 108, 270, 6, 6),
(4, 108, 271, 6, 2),
(4, 108, 272, 6, 2),
(4, 108, 273, 6, 0),
(4, 108, 274, 6, 4),
(4, 108, 275, 6, 2),
(4, 108, 276, 6, 4),
(4, 108, 277, 6, 2),
(4, 108, 278, 6, 0),
(4, 108, 279, 6, 2),
(4, 108, 280, 6, 3),
(4, 108, 281, 6, 3),
(4, 108, 282, 6, 2),
(4, 108, 283, 6, 3),
(4, 108, 284, 6, 0),
(4, 108, 285, 6, 5),
(4, 108, 286, 6, 2),
(4, 108, 287, 6, 3),
(4, 108, 288, 6, 1),
(4, 108, 289, 6, 0),
(4, 108, 290, 6, 0),
(4, 108, 291, 6, 0),
(4, 108, 292, 6, 2),
(4, 108, 293, 6, 0),
(4, 108, 294, 6, 2),
(4, 108, 295, 6, 2),
(4, 108, 296, 6, 3),
(4, 108, 297, 6, 2),
(4, 108, 298, 6, 2),
(4, 108, 299, 6, 0),
(4, 108, 300, 6, 0),
(4, 108, 301, 6, 2),
(4, 108, 302, 6, 0),
(4, 108, 303, 6, 0),
(4, 108, 304, 6, 0),
(4, 108, 305, 6, 1),
(4, 108, 306, 6, 2),
(4, 108, 307, 6, 0),
(4, 108, 308, 6, 0),
(4, 104, 217, 1, 0),
(4, 104, 218, 1, 0),
(4, 104, 219, 1, 0),
(4, 104, 220, 1, 1),
(4, 104, 221, 1, 0),
(4, 104, 222, 1, 0),
(4, 104, 223, 1, 0),
(4, 104, 224, 1, 1),
(4, 104, 225, 1, 0),
(4, 104, 226, 1, 0),
(4, 104, 227, 1, 0),
(4, 104, 228, 1, 1),
(4, 104, 229, 1, 0),
(4, 104, 230, 1, 0),
(4, 104, 231, 1, 0),
(4, 104, 232, 1, 1),
(4, 104, 233, 1, 1),
(4, 104, 234, 1, 0),
(4, 104, 235, 1, 0),
(4, 104, 236, 1, 1),
(4, 104, 237, 1, 0),
(4, 104, 238, 1, 1),
(4, 104, 239, 1, 0),
(4, 104, 240, 1, 0),
(4, 104, 241, 1, 0),
(4, 104, 242, 1, 0),
(4, 104, 243, 1, 0),
(4, 104, 244, 1, 0),
(4, 104, 245, 1, 0),
(4, 104, 246, 1, 0),
(4, 104, 247, 1, 1),
(4, 104, 248, 1, 0),
(4, 104, 249, 1, 0),
(4, 104, 250, 1, 0),
(4, 104, 251, 1, 0),
(4, 104, 252, 1, 0),
(4, 104, 253, 1, 0),
(4, 104, 254, 1, 0),
(4, 104, 255, 1, 0),
(4, 104, 256, 1, 0),
(4, 104, 257, 1, 1),
(4, 104, 258, 1, 0),
(4, 104, 259, 1, 1),
(4, 104, 260, 1, 1),
(4, 104, 261, 1, 1),
(4, 113, 262, 1, 0),
(4, 113, 263, 1, 0),
(4, 113, 264, 1, 0),
(4, 113, 265, 1, 0),
(4, 113, 266, 1, 0),
(4, 113, 267, 1, 1),
(4, 113, 268, 1, 0),
(4, 113, 269, 1, 1),
(4, 113, 270, 1, 1),
(4, 113, 271, 1, 0),
(4, 113, 272, 1, 1),
(4, 113, 273, 1, 1),
(4, 113, 274, 1, 1),
(4, 113, 275, 1, 1),
(4, 113, 276, 1, 1),
(4, 113, 277, 1, 1),
(4, 113, 278, 1, 1),
(4, 113, 279, 1, 1),
(4, 113, 280, 1, 0),
(4, 113, 281, 1, 1),
(4, 113, 282, 1, 1),
(4, 113, 283, 1, 0),
(4, 113, 284, 1, 0),
(4, 113, 285, 1, 1),
(4, 113, 286, 1, 0),
(4, 113, 287, 1, 1),
(4, 113, 288, 1, 1),
(4, 113, 289, 1, 0),
(4, 113, 290, 1, 1),
(4, 113, 291, 1, 1),
(4, 113, 292, 1, 0),
(4, 113, 293, 1, 0),
(4, 113, 294, 1, 1),
(4, 113, 295, 1, 0),
(4, 113, 296, 1, 0),
(4, 113, 297, 1, 0),
(4, 113, 298, 1, 1),
(4, 113, 299, 1, 0),
(4, 113, 300, 1, 0),
(4, 113, 301, 1, 0),
(4, 113, 302, 1, 0),
(4, 113, 303, 1, 0),
(4, 113, 304, 1, 1),
(4, 113, 305, 1, 0),
(4, 113, 306, 1, 0),
(4, 113, 307, 1, 0),
(4, 113, 308, 1, 0),
(4, 103, 217, 7, 0),
(4, 103, 218, 7, 2),
(4, 103, 219, 7, 0),
(4, 103, 220, 7, 5),
(4, 103, 221, 7, 0),
(4, 103, 222, 7, 0),
(4, 103, 223, 7, 0),
(4, 103, 224, 7, 6),
(4, 103, 225, 7, 0),
(4, 103, 226, 7, 1),
(4, 103, 227, 7, 0),
(4, 103, 228, 7, 3),
(4, 103, 229, 7, 1),
(4, 103, 230, 7, 1),
(4, 103, 231, 7, 0),
(4, 103, 232, 7, 5),
(4, 103, 233, 7, 6),
(4, 103, 234, 7, 5),
(4, 103, 235, 7, 0),
(4, 103, 236, 7, 2),
(4, 103, 237, 7, 1),
(4, 103, 238, 7, 7),
(4, 103, 239, 7, 2),
(4, 103, 240, 7, 0),
(4, 103, 241, 7, 1),
(4, 103, 242, 7, 2),
(4, 103, 243, 7, 0),
(4, 103, 244, 7, 0),
(4, 103, 245, 7, 3),
(4, 103, 246, 7, 0),
(4, 103, 247, 7, 4),
(4, 103, 248, 7, 1),
(4, 103, 249, 7, 0),
(4, 103, 250, 7, 2),
(4, 103, 251, 7, 5),
(4, 103, 252, 7, 2),
(4, 103, 253, 7, 2),
(4, 103, 254, 7, 3),
(4, 103, 255, 7, 0),
(4, 103, 256, 7, 0),
(4, 103, 257, 7, 2),
(4, 103, 258, 7, 0),
(4, 103, 259, 7, 5),
(4, 103, 260, 7, 4),
(4, 103, 261, 7, 5);

-- --------------------------------------------------------

--
-- Table structure for table `92013attd`
--

CREATE TABLE `92013attd` (
  `month_id` int(11) NOT NULL,
  `subject_id` int(11) NOT NULL,
  `student_id` int(11) NOT NULL,
  `total_lectures` int(11) NOT NULL,
  `present` int(11) NOT NULL
) ENGINE=InnoDB DEFAULT CHARSET=latin1;

-- --------------------------------------------------------

--
-- Table structure for table `admincontrols`
--

CREATE TABLE `admincontrols` (
  `attendanceoption` int(5) NOT NULL
) ENGINE=InnoDB DEFAULT CHARSET=latin1;

--
-- Dumping data for table `admincontrols`
--

INSERT INTO `admincontrols` (`attendanceoption`) VALUES
(3);

-- --------------------------------------------------------

--
-- Table structure for table `attendance_master`
--

CREATE TABLE `attendance_master` (
  `month_id` int(11) NOT NULL,
  `subject_id` int(11) NOT NULL,
  `student_id` int(11) NOT NULL,
  `total_lectures` int(11) NOT NULL,
  `present` int(11) NOT NULL
) ENGINE=InnoDB DEFAULT CHARSET=latin1;

-- --------------------------------------------------------

--
-- Table structure for table `month_master`
--

CREATE TABLE `month_master` (
  `month_id` int(11) NOT NULL,
  `month_name` varchar(15) NOT NULL,
  `year` int(11) NOT NULL,
  `valid` int(11) NOT NULL DEFAULT '0'
) ENGINE=InnoDB DEFAULT CHARSET=latin1;

--
-- Dumping data for table `month_master`
--

INSERT INTO `month_master` (`month_id`, `month_name`, `year`, `valid`) VALUES
(1, 'December', 2016, 1),
(2, 'January', 2017, 1),
(3, 'February', 2017, 1),
(4, 'March', 2017, 1),
(5, 'April', 2017, 1),
(6, 'May', 2017, 1),
(7, 'June', 2017, 1),
(8, 'July', 2017, 1),
(9, 'August', 2017, 0),
(10, 'September', 2017, 0),
(11, 'October', 2017, 0),
(12, 'November', 2017, 0),
(13, 'December', 2017, 0);

-- --------------------------------------------------------

--
-- Table structure for table `semester_master`
--

CREATE TABLE `semester_master` (
  `sem_id` int(11) NOT NULL,
  `semester` int(11) NOT NULL,
  `keyw` int(11) NOT NULL DEFAULT '0'
) ENGINE=InnoDB DEFAULT CHARSET=latin1;

--
-- Dumping data for table `semester_master`
--

INSERT INTO `semester_master` (`sem_id`, `semester`, `keyw`) VALUES
(1, 3, 0),
(2, 4, 1),
(3, 5, 0),
(4, 6, 1),
(5, 7, 0),
(6, 8, 1);

-- --------------------------------------------------------

--
-- Table structure for table `student_master`
--

CREATE TABLE `student_master` (
  `student_id` int(8) NOT NULL,
  `class_roll` int(3) DEFAULT NULL,
  `student_name` varchar(27) DEFAULT NULL,
  `semester` int(1) DEFAULT NULL,
  `section` varchar(1) DEFAULT NULL,
  `batch` int(4) DEFAULT NULL,
  `flag` int(1) DEFAULT NULL
) ENGINE=InnoDB DEFAULT CHARSET=utf8;

--
-- Dumping data for table `student_master`
--

INSERT INTO `student_master` (`student_id`, `class_roll`, `student_name`, `semester`, `section`, `batch`, `flag`) VALUES
(1, 1, 'AAKANSHA SINGH', 4, 'A', 2015, 1),
(2, 2, 'ADHIKARLA SHIRISHA', 4, 'A', 2015, 1),
(3, 3, 'ADITI VERMA', 4, 'A', 2015, 1),
(4, 4, 'AKANKSHA LAKRA', 4, 'A', 2015, 1),
(5, 5, 'AKANSHA TOPPO', 4, 'A', 2015, 1),
(6, 6, 'AKSHAT AMAN', 4, 'A', 2015, 1),
(7, 7, 'AMIT KUMAR CHOUDHARY', 4, 'A', 2015, 1),
(8, 8, 'ANKISH GUPTA', 4, 'A', 2015, 1),
(9, 9, 'ANSHUL JAISWAL', 4, 'A', 2015, 1),
(10, 10, 'ANUSHKA CHATURVEDI', 4, 'A', 2015, 1),
(11, 11, 'ASHISH EKKA', 4, 'A', 2015, 1),
(12, 12, 'ASHUTOSH DHRUW', 4, 'A', 2015, 1),
(13, 13, 'AVANTIKA MISHRA', 4, 'A', 2015, 1),
(14, 14, 'BARNADISH SINGH SONWANI', 4, 'A', 2015, 1),
(15, 15, 'CHAINVI AGRAWAL', 4, 'A', 2015, 1),
(16, 16, 'CHINMAY CHOUDHARY', 4, 'A', 2015, 1),
(17, 17, 'DEEPANSHU AGRAWAL', 4, 'A', 2015, 1),
(18, 18, 'GAURAV TRIPATHI', 4, 'A', 2015, 1),
(19, 19, 'GOVIND PRASAD', 4, 'A', 2015, 1),
(20, 20, 'HITESH KUMAR', 4, 'A', 2015, 1),
(21, 21, 'JAYESH PATEL', 4, 'A', 2015, 1),
(22, 22, 'KHYATI NETAM', 4, 'A', 2015, 1),
(23, 23, 'LOKESH RAMGOPAL KASHYAP', 4, 'A', 2015, 1),
(24, 24, 'MERWIN G RAJAN', 4, 'A', 2015, 1),
(25, 25, 'MURAHARI PRITHVI YASH', 4, 'A', 2015, 1),
(26, 26, 'NIRAJ BARWA', 4, 'A', 2015, 1),
(27, 27, 'NISHTHA GUPTA', 4, 'A', 2015, 1),
(28, 28, 'NITISH NETAM', 4, 'A', 2015, 1),
(29, 29, 'PRABHDEET KAUR SACHDEV', 4, 'A', 2015, 1),
(30, 30, 'PRANEET PANDEY', 4, 'A', 2015, 1),
(31, 31, 'PRATEEKSHA SHUKLA', 4, 'A', 2015, 1),
(32, 32, 'PRIYANSH BRANNEN LALL', 4, 'A', 2015, 1),
(33, 33, 'RAHUL KUMAR SAHU', 4, 'A', 2015, 1),
(34, 34, 'RAJKISHORE SINGH TANDAN', 4, 'A', 2015, 1),
(35, 35, 'RAVI KUMAR DEWANGAN', 4, 'A', 2015, 1),
(36, 36, 'RISHABH AGRAWAL', 4, 'A', 2015, 1),
(37, 37, 'RITESH KUMAR DHRUW', 4, 'A', 2015, 1),
(38, 38, 'ROHIT JHA', 4, 'A', 2015, 1),
(39, 39, 'SHIKHA PANDEY', 4, 'A', 2015, 1),
(40, 40, 'SHIVANI SAHU', 4, 'A', 2015, 1),
(41, 41, 'SIMARJEET SINGH', 4, 'A', 2015, 1),
(42, 42, 'SONALI PAUL', 4, 'A', 2015, 1),
(43, 43, 'SUMAN ANAND', 4, 'A', 2015, 1),
(44, 44, 'TIMIRASH DUBEY', 4, 'A', 2015, 1),
(45, 45, 'VIKAS RAWATE', 4, 'A', 2015, 1),
(46, 46, 'VINAY KUMAR HEERA', 4, 'A', 2015, 1),
(47, 47, 'YOGESH BHAIYA', 4, 'A', 2015, 1),
(48, 48, 'SHIVANI BHATIA', 4, 'A', 2015, 1),
(49, 49, 'SOMESH KUMAR SINGH', 4, 'A', 2015, 1),
(50, 50, 'AKANSHA SHUKLA', 4, 'A', 2015, 1),
(51, 51, 'RAJASHREE ROY', 4, 'A', 2015, 1),
(52, 52, 'SEEMA RAJWADE', 4, 'A', 2015, 1),
(53, 53, 'AMIT SINHA', 4, 'A', 2015, 1),
(54, 54, 'LOKESH SINGH', 4, 'A', 2015, 1),
(55, 55, 'DIVYA DANSENA', 4, 'A', 2015, 1),
(56, 56, 'SAMPATTI DINESH METKAR', 4, 'A', 2015, 1),
(57, 124, 'RASHI MISHRA', 4, 'B', 2015, 1),
(58, 125, 'AAYUSH VERMA', 4, 'B', 2015, 1),
(59, 126, 'ABHISHEK BHOWMICK', 4, 'B', 2015, 1),
(60, 127, 'ADITI SONI', 4, 'B', 2015, 1),
(61, 128, 'ADITYA MOHAN GUPTA', 4, 'B', 2015, 1),
(62, 129, 'AKANSHA BHAGWANI', 4, 'B', 2015, 1),
(63, 130, 'AKSHAT AGRAWAL', 4, 'B', 2015, 1),
(64, 131, 'ALOK PATEL', 4, 'B', 2015, 1),
(65, 132, 'AMIT RAJ', 4, 'B', 2015, 1),
(66, 133, 'ANJANI KUMAR SINGH', 4, 'B', 2015, 1),
(67, 134, 'ANKIT JAISWAL', 4, 'B', 2015, 1),
(68, 135, 'ANKIT KUMAR SAHU', 4, 'B', 2015, 1),
(69, 136, 'ANUJA XALXO', 4, 'B', 2015, 1),
(70, 137, 'ASHITA MAKKAD', 4, 'B', 2015, 1),
(71, 138, 'ATUL BUNKAR', 4, 'B', 2015, 1),
(72, 139, 'AYUSH AGRAWAL', 4, 'B', 2015, 1),
(73, 140, 'BRIJESH KUMAR MARKANDEY', 4, 'B', 2015, 1),
(74, 141, 'CHETNA THAKUR', 4, 'B', 2015, 1),
(75, 142, 'DANESH KUMAR', 4, 'B', 2015, 1),
(76, 143, 'DIVYA MANDGE', 4, 'B', 2015, 1),
(77, 144, 'GEORGE KUJUR', 4, 'B', 2015, 1),
(78, 145, 'HEMANT KUMAR THAKUR', 4, 'B', 2015, 1),
(79, 146, 'JAI KUMAR YADAV', 4, 'B', 2015, 1),
(80, 147, 'JITESH KUMAR DEWANGAN', 4, 'B', 2015, 1),
(81, 148, 'KUMARI SAROJ SINGH', 4, 'B', 2015, 1),
(82, 149, 'MALAY BHARTI', 4, 'B', 2015, 1),
(83, 150, 'MONIKA BHOIR', 4, 'B', 2015, 1),
(84, 151, 'NANDANI KANWAR', 4, 'B', 2015, 1),
(85, 152, 'NISHANT CELESTIN TIRKEY', 4, 'B', 2015, 1),
(86, 153, 'NITIN KUMAR MANKAR', 4, 'B', 2015, 1),
(87, 154, 'PARVINDER SINGH', 4, 'B', 2015, 1),
(88, 155, 'PRAKHAR KOTHARI', 4, 'B', 2015, 1),
(89, 156, 'PRASHANT BANJARE', 4, 'B', 2015, 1),
(90, 157, 'PRIYA SHARMA', 4, 'B', 2015, 1),
(91, 158, 'PULKIT TIWARI', 4, 'B', 2015, 1),
(92, 159, 'RAHUL MANGTANI', 4, 'B', 2015, 1),
(93, 160, 'RASHI VARSHNEY', 4, 'B', 2015, 1),
(94, 161, 'RICHA JAGYASI', 4, 'B', 2015, 1),
(95, 162, 'RISHI NAMDEO', 4, 'B', 2015, 1),
(96, 163, 'RITIK  KAKWANI', 4, 'B', 2015, 1),
(97, 164, 'SHIRSH RAJ MAURYA', 4, 'B', 2015, 1),
(98, 165, 'SIDDHARTH JAIN', 4, 'B', 2015, 1),
(99, 166, 'SOMALI PRAMANIK', 4, 'B', 2015, 1),
(100, 167, 'SRISHTI KHOBRAGADE', 4, 'B', 2015, 1),
(101, 168, 'SWARIL SINGHAL', 4, 'B', 2015, 1),
(102, 169, 'TARUN KUMAR PATEL', 4, 'B', 2015, 1),
(103, 170, 'VIJIT VAJPAYEE', 4, 'B', 2015, 1),
(104, 171, 'VINAYKANT', 4, 'B', 2015, 1),
(105, 172, 'YUVRAJ SINGH BHANU', 4, 'B', 2015, 1),
(106, 173, 'RESHU PANDEY', 4, 'B', 2015, 1),
(107, 174, 'ADITI ', 4, 'B', 2015, 1),
(108, 175, 'ABHINAV TIWARI', 4, 'B', 2015, 1),
(109, 176, 'SATANAND', 4, 'B', 2015, 1),
(110, 1, 'AAMOD VYAS', 6, 'A', 2014, 1),
(111, 2, 'ABHISHEK BANERJEE', 6, 'A', 2014, 1),
(112, 3, 'ADITI CHANDRAVANSHI', 6, 'A', 2014, 1),
(113, 4, 'AKANSHA KINDO', 6, 'A', 2014, 1),
(114, 5, 'ANKITA DAS', 6, 'A', 2014, 1),
(115, 6, 'ANURADHA KUMARI', 6, 'A', 2014, 1),
(116, 7, 'ASHUTOSH VERMA', 6, 'A', 2014, 1),
(117, 8, 'CHIRAYU KALE', 6, 'A', 2014, 1),
(118, 9, 'DEVNARAYAN', 6, 'A', 2014, 1),
(119, 10, 'DHRUW SHEKHAR', 6, 'A', 2014, 1),
(120, 11, 'DIVYA GUPTA', 6, 'A', 2014, 1),
(121, 12, 'JEYRASHI JOHANA', 6, 'A', 2014, 1),
(122, 13, 'KOMAL GUPTA', 6, 'A', 2014, 1),
(123, 14, 'Ku APARNA MAZUMDAR', 6, 'A', 2014, 1),
(124, 15, 'MANHARAN LAL THAKUR', 6, 'A', 2014, 1),
(125, 16, 'MOHNISH KUMAR SINHA', 6, 'A', 2014, 1),
(126, 17, 'MONIKA NETAM', 6, 'A', 2014, 1),
(127, 18, 'NUPUR JAIN', 6, 'A', 2014, 1),
(128, 19, 'PRAKHAR SONWANI', 6, 'A', 2014, 1),
(129, 20, 'PRIYA THAKUR', 6, 'A', 2014, 1),
(130, 21, 'RAGHUVEER SINGH KUSHWAHA', 6, 'A', 2014, 1),
(131, 22, 'RAHUL PANDEY', 6, 'A', 2014, 1),
(132, 23, 'RIYA SINGH', 6, 'A', 2014, 1),
(133, 24, 'SAPNA BHAGAT', 6, 'A', 2014, 1),
(134, 25, 'SHAILI GUPTA', 6, 'A', 2014, 1),
(135, 26, 'SHREYA SHARMA', 6, 'A', 2014, 1),
(136, 27, 'SHREYANSH JAIN', 6, 'A', 2014, 1),
(137, 28, 'SHUBHAM DEWANGAN', 6, 'A', 2014, 1),
(138, 29, 'SIMMI AGARAWAL', 6, 'A', 2014, 1),
(139, 30, 'SOUMITA KUNDU', 6, 'A', 2014, 1),
(140, 31, 'SWATI RAI', 6, 'A', 2014, 1),
(141, 32, 'TANAY GUPTA', 6, 'A', 2014, 1),
(142, 33, 'TRIPTI GUPTA', 6, 'A', 2014, 1),
(143, 34, 'V V VINAY', 6, 'A', 2014, 1),
(144, 35, 'VARUN DUBEY', 6, 'A', 2014, 1),
(145, 36, 'VIKRAM KUMAR', 6, 'A', 2014, 1),
(146, 37, 'VIVEK THAKUR', 6, 'A', 2014, 1),
(147, 38, 'YAMESH KUMAR CHANDRAWANSHI', 6, 'A', 2014, 1),
(148, 39, 'ARPITA MAHAJAN', 6, 'A', 2014, 1),
(149, 40, 'AKSHAY SHUKLA', 6, 'A', 2014, 1),
(150, 41, 'PALLAVI CHANDRAKAR', 6, 'A', 2014, 1),
(151, 42, 'SHUBHAM KUMAR SAHU', 6, 'A', 2014, 1),
(152, 43, 'ABHISHEK KUMAR', 6, 'A', 2014, 1),
(153, 44, 'MANISHA VERMA', 6, 'A', 2014, 1),
(154, 45, 'HIMANSHU PATEL', 6, 'A', 2014, 1),
(155, 46, 'G. ASHWINI', 6, 'A', 2014, 1),
(156, 47, 'NEELASKI DEWANGAN', 6, 'A', 2014, 1),
(157, 48, 'SUPRIYA DEWANGAN', 6, 'A', 2014, 1),
(158, 49, 'SULEKHA ', 6, 'A', 2014, 1),
(159, 50, 'RAVINDRA KUMAR', 6, 'A', 2014, 1),
(160, 51, 'LOKNATH KUMAR', 6, 'A', 2014, 1),
(161, 52, 'SONAM GUPTA', 6, 'A', 2014, 1),
(162, 53, 'SWETA GUPTA', 6, 'A', 2014, 1),
(163, 54, 'AAKRITI THAWRE', 6, 'B', 2014, 1),
(164, 55, 'ADHISH KRISHN', 6, 'B', 2014, 1),
(165, 56, 'AJIT KUMAR GUPTA', 6, 'B', 2014, 1),
(166, 57, 'AKASH BANSAL', 6, 'B', 2014, 1),
(167, 58, 'APURVA SHRIVASTAVA', 6, 'B', 2014, 1),
(168, 59, 'CHHAVIKANT MALIA', 6, 'B', 2014, 1),
(169, 60, 'DARSHITA JAIN', 6, 'B', 2014, 1),
(170, 61, 'DENNIS S CHERIAN', 6, 'B', 2014, 1),
(171, 62, 'DEVIDAS PRINCE SHARMA', 6, 'B', 2014, 1),
(172, 63, 'DHANANJAY NETAM ', 6, 'B', 2014, 1),
(173, 64, 'DIVYANSH SHRIVASTAVA', 6, 'B', 2014, 1),
(174, 65, 'DOLLY VAISHNAV', 6, 'B', 2014, 1),
(175, 66, 'GAJENDRA KUMAR MONGRE', 6, 'B', 2014, 1),
(176, 67, 'HARISH KUMAR', 6, 'B', 2014, 1),
(177, 68, 'HIMANSHU BHUARYA', 6, 'B', 2014, 1),
(178, 69, 'JAIDEEP SINGH SANDHU', 6, 'B', 2014, 1),
(179, 70, 'JIGYASHA GUPTA', 6, 'B', 2014, 1),
(180, 71, 'KAJAL DHRUW', 6, 'B', 2014, 1),
(181, 72, 'MAYANK PATLEY', 6, 'B', 2014, 1),
(182, 73, 'MEHAM CHANDRAVANSHI', 6, 'B', 2014, 1),
(183, 74, 'MONIKA THAKUR', 6, 'B', 2014, 1),
(184, 75, 'NIMISHA R MATHEW', 6, 'B', 2014, 1),
(185, 76, 'OJASVI THAKUR', 6, 'B', 2014, 1),
(186, 77, 'PANKHUDI SHRIVASTAVA', 6, 'B', 2014, 1),
(187, 78, 'PARUL BAWA', 6, 'B', 2014, 1),
(188, 79, 'PRAJAKTA TAWRI', 6, 'B', 2014, 1),
(189, 80, 'PRIYANKA RANI GUPTA', 6, 'B', 2014, 1),
(190, 81, 'PUSHPENDRA PRASAD NAYAK', 6, 'B', 2014, 1),
(191, 82, 'RICHA SHRIVASTAVA', 6, 'B', 2014, 1),
(192, 83, 'RUBI SAHU', 6, 'B', 2014, 1),
(193, 84, 'SACHIN KUMAR', 6, 'B', 2014, 1),
(194, 85, 'SAUBHAGYA SAHU', 6, 'B', 2014, 1),
(195, 86, 'SHILPA JAIN', 6, 'B', 2014, 1),
(196, 87, 'SHILPI AGRAWAL', 6, 'B', 2014, 1),
(197, 88, 'SHILPI SONI', 6, 'B', 2014, 1),
(198, 89, 'SHREEJITA DUTTA', 6, 'B', 2014, 1),
(199, 90, 'SHREYAS SANJAY AYADE', 6, 'B', 2014, 1),
(200, 91, 'SHRUTI RANA', 6, 'B', 2014, 1),
(201, 92, 'SHUBHAM KUMAR SHARMA', 6, 'B', 2014, 1),
(202, 93, 'SOMESH GANGULY', 6, 'B', 2014, 1),
(203, 94, 'SWAPNIL TOPPO', 6, 'B', 2014, 1),
(204, 95, 'SWATI JAISWAL', 6, 'B', 2014, 1),
(205, 96, 'TAKESH KATLAM', 6, 'B', 2014, 1),
(206, 97, 'VAIBHAV BHARUKA', 6, 'B', 2014, 1),
(207, 98, 'VIRAJ S ADESARA', 6, 'B', 2014, 1),
(208, 99, 'VIVEK DINKAR', 6, 'B', 2014, 1),
(209, 100, 'Y PUJA', 6, 'B', 2014, 1),
(210, 101, 'CHANDRAKANT BHOIR', 6, 'B', 2014, 1),
(211, 102, 'MAHESHWAR PRASAD SINGH', 6, 'B', 2014, 1),
(212, 103, 'SHAKSHI DUBEY', 6, 'B', 2014, 1),
(213, 104, 'AJAY KUMAR', 6, 'B', 2014, 1),
(214, 105, 'SABA  AAFRIN', 6, 'B', 2014, 1),
(215, 106, 'ANJU PANDEY', 6, 'B', 2014, 1),
(216, 107, 'VARUN SOOD', 6, 'B', 2014, 1),
(217, 1, 'VARTIKA NAYAK', 8, 'A', 2013, 1),
(218, 2, 'AKASH AGGARWAL', 8, 'A', 2013, 1),
(219, 3, 'KUMARI PRIYA', 8, 'A', 2013, 1),
(220, 4, 'VIVEK KUMAR ROCKY', 8, 'A', 2013, 1),
(221, 5, 'SHIKHA KUMARI JHA', 8, 'A', 2013, 1),
(222, 6, 'AKSHAY BELE', 8, 'A', 2013, 1),
(223, 7, 'ANURAG KUMAR SINGH', 8, 'A', 2013, 1),
(224, 8, 'G. NIVEDHA NADAR', 8, 'A', 2013, 1),
(225, 9, 'AVINASH MISHRA', 8, 'A', 2013, 1),
(226, 10, 'CHINMAY JAIN', 8, 'A', 2013, 1),
(227, 11, 'DEEP SINGH', 8, 'A', 2013, 1),
(228, 12, 'DEEPSHIKHA KURRE', 8, 'A', 2013, 1),
(229, 13, 'DEVIKA', 8, 'A', 2013, 1),
(230, 14, 'DIKESH KUMAR ', 8, 'A', 2013, 1),
(231, 15, 'DUSHAYANT KUMAR KOTHARI', 8, 'A', 2013, 1),
(232, 16, 'HANSHIKA AGRAWAL', 8, 'A', 2013, 1),
(233, 17, 'JAMPALA DIVYA', 8, 'A', 2013, 1),
(234, 18, 'JITESH SINDHARE', 8, 'A', 2013, 1),
(235, 19, 'DEVENDRA THAKUR', 8, 'A', 2013, 1),
(236, 20, 'MAMTA THAKUR', 8, 'A', 2013, 1),
(237, 21, 'MANISH KUMAR SINGH', 8, 'A', 2013, 1),
(238, 22, 'MEGHA SONI', 8, 'A', 2013, 1),
(239, 23, 'NEHA TRIPATHI', 8, 'A', 2013, 1),
(240, 24, 'NILESH S MUDLIAR', 8, 'A', 2013, 1),
(241, 25, 'OMESH SUDHAKAR', 8, 'A', 2013, 1),
(242, 26, 'PRACHI KATLAM', 8, 'A', 2013, 1),
(243, 27, 'PRAVEEN ABHISHEK LAKRA', 8, 'A', 2013, 1),
(244, 28, 'RAJSHREE SEN', 8, 'A', 2013, 1),
(245, 29, 'RANJANA VERMA', 8, 'A', 2013, 1),
(246, 30, 'MANSI JAIN', 8, 'A', 2013, 1),
(247, 31, 'SHUBHAM', 8, 'A', 2013, 1),
(248, 32, 'SHUBHAM RAWANI', 8, 'A', 2013, 1),
(249, 33, 'TANIYA BHATTACHARYA', 8, 'A', 2013, 1),
(250, 34, 'TRISHA THAKUR', 8, 'A', 2013, 1),
(251, 35, 'VAIBHAV KUMAR BHARDWAJ', 8, 'A', 2013, 1),
(252, 36, 'YOGENDRA SAHU', 8, 'A', 2013, 1),
(253, 37, 'DEVIKA KULKARNI', 8, 'A', 2013, 1),
(254, 38, 'FAHAD SAEED KHWAJA', 8, 'A', 2013, 1),
(255, 39, 'ESHITA JAIN', 8, 'A', 2013, 1),
(256, 40, 'ANSHI JAIN', 8, 'A', 2013, 1),
(257, 41, 'NITU SHRIVAS', 8, 'A', 2013, 1),
(258, 42, 'AISHWARYA SHAH', 8, 'A', 2013, 1),
(259, 43, 'PURVA MOON', 8, 'A', 2013, 1),
(260, 44, 'RAM BALAK KUMAR', 8, 'A', 2013, 1),
(261, 45, 'SHASHI PRAKASH GUPTA', 8, 'A', 2013, 1),
(262, 46, 'ABHIJEET', 8, 'B', 2013, 1),
(263, 47, 'ARVIND KUMAR CHOUBEY', 8, 'B', 2013, 1),
(264, 48, 'SARAVAN KUMAR TELANG', 8, 'B', 2013, 1),
(265, 49, 'AASHISH KUMAR', 8, 'B', 2013, 1),
(266, 50, 'AKANSHA SINHA', 8, 'B', 2013, 1),
(267, 51, 'ANJALI CHANDRAKAR', 8, 'B', 2013, 1),
(268, 52, 'ANKITA RAJPUT', 8, 'B', 2013, 1),
(269, 53, 'APOORV KHANDELWAL', 8, 'B', 2013, 1),
(270, 54, 'CHANDRAMANI ADIL', 8, 'B', 2013, 1),
(271, 55, 'DEEPANJAN KOWAR', 8, 'B', 2013, 1),
(272, 56, 'KISHAN PATEL', 8, 'B', 2013, 1),
(273, 57, 'DHANANJAY KUMAR RAY', 8, 'B', 2013, 1),
(274, 58, 'DISHA UKE', 8, 'B', 2013, 1),
(275, 59, 'APURVA JAIN', 8, 'B', 2013, 1),
(276, 60, 'ISHA VERMA', 8, 'B', 2013, 1),
(277, 61, 'Md. TOUSIF SHEKHANI', 8, 'B', 2013, 1),
(278, 62, 'KHEMRAJ THAKUR', 8, 'B', 2013, 1),
(279, 63, 'KRITIKA SAHU', 8, 'B', 2013, 1),
(280, 64, 'L A AAKRITI', 8, 'B', 2013, 1),
(281, 65, 'MEENAL TAUNK', 8, 'B', 2013, 1),
(282, 66, 'MONIKA AGRAWAL', 8, 'B', 2013, 1),
(283, 67, 'NIDHI THAKUR', 8, 'B', 2013, 1),
(284, 68, 'NISHANT MUNDHRA', 8, 'B', 2013, 1),
(285, 69, 'POONAM PRAKASH CHAUDHARY', 8, 'B', 2013, 1),
(286, 70, 'PRAGYA PAIKRA', 8, 'B', 2013, 1),
(287, 71, 'PRINCE PRATAP SINGH BANJARE', 8, 'B', 2013, 1),
(288, 72, 'AVADHESH ANAND AGARWAL', 8, 'B', 2013, 1),
(289, 73, 'RICHA JAIN', 8, 'B', 2013, 1),
(290, 74, 'SHIVANI JAIN', 8, 'B', 2013, 1),
(291, 75, 'SHUBHAM AGRAWAL', 8, 'B', 2013, 1),
(292, 76, 'SWETA MANDLOI', 8, 'B', 2013, 1),
(293, 77, 'THAKUR PRASAD VISHAL', 8, 'B', 2013, 1),
(294, 78, 'TUHINA VERMA', 8, 'B', 2013, 1),
(295, 79, 'AAYUSHI A SHRIVASTAVA', 8, 'B', 2013, 1),
(296, 80, 'AISHWARYA S. PILLAI', 8, 'B', 2013, 1),
(297, 81, 'ANURAG CHATTERJEE', 8, 'B', 2013, 1),
(298, 82, 'MOHIT AGRAWAL', 8, 'B', 2013, 1),
(299, 83, 'RAVISH R. RAM', 8, 'B', 2013, 1),
(300, 84, 'AYUSH WADHAWA', 8, 'B', 2013, 1),
(301, 85, 'RESHITA MINOCHA', 8, 'B', 2013, 1),
(302, 86, 'PRASHANT RAWAL', 8, 'B', 2013, 1),
(303, 87, 'ABHIMANYU NETAM', 8, 'B', 2013, 1),
(304, 88, 'RISHI GUPTA', 8, 'B', 2013, 1),
(305, 89, 'ABHAY AGRAWAL', 8, 'B', 2013, 1),
(306, 90, 'RAKESH SINGH THAKUR', 8, 'B', 2013, 1),
(307, 91, 'MANISH KUMAR KURREY', 8, 'B', 2013, 1),
(308, 92, 'ROOPAK TRIPATHI', 8, 'B', 2013, 1),
(309, 1, 'AKANSHA ARORA', 2, 'A', 2016, 1),
(310, 2, 'AAYUSH SHARMA', 2, 'A', 2016, 1),
(311, 3, 'ABHISHEK SAHU', 2, 'A', 2016, 1),
(312, 4, 'AJAY NAGDEO', 2, 'A', 2016, 1),
(313, 5, 'AKASH SAHU', 2, 'A', 2016, 1),
(314, 6, 'AMAN SHRIVASTAV', 2, 'A', 2016, 1),
(315, 7, 'ANKIT CHANDRAKAR', 2, 'A', 2016, 1),
(316, 8, 'ANKIT THAKUR ', 2, 'A', 2016, 1),
(317, 9, 'ANSH BHAWNANI', 2, 'A', 2016, 1),
(318, 10, 'ANURAG DEEP KUJUR', 2, 'A', 2016, 1),
(319, 11, 'APOORVA SAXENA', 2, 'A', 2016, 1),
(320, 12, 'ARPAN TEWARI', 2, 'A', 2016, 1),
(321, 13, 'DIVYA MESHRAM', 2, 'A', 2016, 1),
(322, 14, 'DOMENDRA KUMAR ALENDRA', 2, 'A', 2016, 1),
(323, 15, 'GAURAV THAKUR', 2, 'A', 2016, 1),
(324, 16, 'GOVIND KUMAR', 2, 'A', 2016, 1),
(325, 17, 'ISHAAN MISHRA', 2, 'A', 2016, 1),
(326, 18, 'JAIDEEP GUPTA', 2, 'A', 2016, 1),
(327, 19, 'KHYATI PATIL', 2, 'A', 2016, 1),
(328, 20, 'KU NALESH', 2, 'A', 2016, 1),
(329, 21, 'MAYANK TIRKEY', 2, 'A', 2016, 1),
(330, 22, 'MEGHNA DUBEY', 2, 'A', 2016, 1),
(331, 23, 'MOHNISH DUBEY', 2, 'A', 2016, 1),
(332, 24, 'NAVEEN BAGHEL', 2, 'A', 2016, 1),
(333, 25, 'NISHANT CHHATTANI', 2, 'A', 2016, 1),
(334, 26, 'PRAKHAR KARSH', 2, 'A', 2016, 1),
(335, 27, 'RAHUL RAMTEKE', 2, 'A', 2016, 1),
(336, 28, 'RAJAT RANJAN JHA', 2, 'A', 2016, 1),
(337, 29, 'RAKSHIT SAGGAR', 2, 'A', 2016, 1),
(338, 30, 'RISHA', 2, 'A', 2016, 1),
(339, 31, 'RISHAB PRAVEEN PATEL', 2, 'A', 2016, 1),
(340, 32, 'SACHIN KUMAR GOYAL', 2, 'A', 2016, 1),
(341, 33, 'SAJAL GUPTA', 2, 'A', 2016, 1),
(342, 34, 'SAMARTH SONI', 2, 'A', 2016, 1),
(343, 35, 'SAUMYA KUMAR DEWANGAN', 2, 'A', 2016, 1),
(344, 36, 'SHALINI SIDAR', 2, 'A', 2016, 1),
(345, 37, 'SHATAKSHI PANDEY', 2, 'A', 2016, 1),
(346, 38, 'SHIVANK TIWARI ', 2, 'A', 2016, 1),
(347, 39, 'SHREYANSH KHANDELWAL', 2, 'A', 2016, 1),
(348, 40, 'SHRUTI GUPTA', 2, 'A', 2016, 1),
(349, 41, 'SHUBHAM TIWARI', 2, 'A', 2016, 1),
(350, 42, 'SONIYA JAIN', 2, 'A', 2016, 1),
(351, 43, 'SUJATA RATHORE', 2, 'A', 2016, 1),
(352, 44, 'SWAPNIL KUMAR SAHU', 2, 'A', 2016, 1),
(353, 45, 'TIKAM KHARE', 2, 'A', 2016, 1),
(354, 46, 'UTKARSH CHANDRAKAR', 2, 'A', 2016, 1),
(355, 47, 'VIKRANT KHUTEL', 2, 'A', 2016, 1),
(356, 48, 'AMIT KUMAR SWARNKAR', 2, 'A', 2016, 1),
(357, 49, 'BALRAM SINGH RAJPUT', 2, 'A', 2016, 1),
(358, 50, 'CH. MOUNICA REDDY', 2, 'A', 2016, 1),
(359, 51, 'SHWETA BARWA', 2, 'A', 2016, 1),
(360, 52, 'AARCHI AGRAWAL', 2, 'B', 2016, 1),
(361, 53, 'ABHISHEK KUMAR', 2, 'B', 2016, 1),
(362, 54, 'ADITI RAI', 2, 'B', 2016, 1),
(363, 55, 'AKASH MANGAL', 2, 'B', 2016, 1),
(364, 56, 'AKSHAY VISHAL EKKA', 2, 'B', 2016, 1),
(365, 57, 'ANIL KUMAR PATEL', 2, 'B', 2016, 1),
(366, 58, 'ANKIT DAHRIYA', 2, 'B', 2016, 1),
(367, 59, 'ANKUR PASHINE', 2, 'B', 2016, 1),
(368, 60, 'ANUJA NINAN', 2, 'B', 2016, 1),
(369, 61, 'ANURAG TAMRAKAR', 2, 'B', 2016, 1),
(370, 62, 'PARAJITA PANDEY', 2, 'B', 2016, 1),
(371, 63, 'DEVANSHU BISWAS', 2, 'B', 2016, 1),
(372, 64, 'DIVYA SAXENA', 2, 'B', 2016, 1),
(373, 65, 'FANINDRA NATH CHOUDHARY', 2, 'B', 2016, 1),
(374, 66, 'GODA VAIBHAVI', 2, 'B', 2016, 1),
(375, 67, 'HARSH SHUKLA', 2, 'B', 2016, 1),
(376, 68, 'JAGMOHAN SAHU', 2, 'B', 2016, 1),
(377, 69, 'KHILESH DHRUVE', 2, 'B', 2016, 1),
(378, 70, 'KRISHNA PATEL', 2, 'B', 2016, 1),
(379, 71, 'LALIT KUMAR SAI PAINKRA', 2, 'B', 2016, 1),
(380, 72, 'MEGHANSH KHANNA', 2, 'B', 2016, 1),
(381, 73, 'MOHIT KUMAR RANA ', 2, 'B', 2016, 1),
(382, 74, 'NAINA PORTE', 2, 'B', 2016, 1),
(383, 75, 'NIDHI GUPTA', 2, 'B', 2016, 1),
(384, 76, 'POOJA RATRE', 2, 'B', 2016, 1),
(385, 77, 'RAHUL DAHARIYA', 2, 'B', 2016, 1),
(386, 78, 'RAJA KANWAR', 2, 'B', 2016, 1),
(387, 79, 'RAKESH RANJAN', 2, 'B', 2016, 1),
(388, 80, 'RAMAN PATEL', 2, 'B', 2016, 1),
(389, 81, 'RIPUNJAY SINGH', 2, 'B', 2016, 1),
(390, 82, 'RITWIKA CHHURA', 2, 'B', 2016, 1),
(391, 83, 'SACHIN KUMAR KARN', 2, 'B', 2016, 1),
(392, 84, 'SALONI VASHISTH', 2, 'B', 2016, 1),
(393, 85, 'SATENDRA KUMAR', 2, 'B', 2016, 1),
(394, 86, 'SHALDAN EKKA', 2, 'B', 2016, 1),
(395, 87, 'SHASHANK PANDEY', 2, 'B', 2016, 1),
(396, 88, 'SHIKHA BAGHEL', 2, 'B', 2016, 1),
(397, 89, 'SHIVANSHU SHARMA', 2, 'B', 2016, 1),
(398, 90, 'SHRIYA INRA GURU', 2, 'B', 2016, 1),
(399, 91, 'SHRIYA INDRA GURU', 2, 'B', 2016, 1),
(400, 92, 'SHUBHANGI GUPTA', 2, 'B', 2016, 1),
(401, 93, 'SUHANI PANDEY', 2, 'B', 2016, 1),
(402, 94, 'TEJASHWINEE GHRITALAHRE', 2, 'B', 2016, 1),
(403, 95, 'TUSHAR GUPTA', 2, 'B', 2016, 1),
(404, 96, 'VARALI AHUJA', 2, 'B', 2016, 1),
(405, 97, 'YASHRAJ SINGH', 2, 'B', 2016, 1),
(406, 98, 'AARYAMAAN TIWARI', 2, 'B', 2016, 1),
(407, 99, 'AVNEET ANAND', 2, 'B', 2016, 1),
(408, 100, 'BHUPENDRA KUMAR SAHU', 2, 'B', 2016, 1),
(409, 101, 'RISHABH KANKARIYA', 2, 'B', 2016, 1),
(410, 102, 'VIDIT GARG', 2, 'B', 2016, 1),
(411, 104, 'GAURAV DEWANGAN', 2, 'B', 2016, 1),
(412, 57, '', 4, 'A', 2015, 1),
(413, 58, '', 4, 'A', 2015, 1),
(414, 59, '', 4, 'A', 2015, 1),
(415, 60, '', 4, 'A', 2015, 1),
(416, 61, '', 4, 'A', 2015, 1),
(417, 62, '', 4, 'A', 2015, 1),
(418, 63, '', 4, 'A', 2015, 1),
(419, 64, '', 4, 'A', 2015, 1),
(420, 65, '', 4, 'A', 2015, 1),
(421, 66, '', 4, 'A', 2015, 1),
(422, 67, '', 4, 'A', 2015, 1),
(423, 68, '', 4, 'A', 2015, 1),
(424, 69, '', 4, 'A', 2015, 1),
(425, 70, '', 4, 'A', 2015, 1),
(426, 71, '', 4, 'A', 2015, 1),
(427, 72, '', 4, 'A', 2015, 1),
(428, 73, '', 4, 'A', 2015, 1),
(429, 74, '', 4, 'A', 2015, 1),
(430, 75, '', 4, 'A', 2015, 1),
(431, 76, '', 4, 'A', 2015, 1),
(432, 77, '', 4, 'A', 2015, 1),
(433, 78, '', 4, 'A', 2015, 1),
(434, 79, '', 4, 'A', 2015, 1),
(435, 80, '', 4, 'A', 2015, 1),
(436, 81, '', 4, 'A', 2015, 1),
(437, 82, '', 4, 'A', 2015, 1),
(438, 83, '', 4, 'A', 2015, 1),
(439, 84, '', 4, 'A', 2015, 1),
(440, 85, '', 4, 'A', 2015, 1),
(441, 86, '', 4, 'A', 2015, 1),
(442, 87, '', 4, 'A', 2015, 1),
(443, 88, '', 4, 'A', 2015, 1),
(444, 89, '', 4, 'A', 2015, 1),
(445, 90, '', 4, 'A', 2015, 1),
(446, 91, '', 4, 'A', 2015, 1),
(447, 92, '', 4, 'A', 2015, 1),
(448, 93, '', 4, 'A', 2015, 1),
(449, 94, '', 4, 'A', 2015, 1),
(450, 95, '', 4, 'A', 2015, 1),
(451, 96, '', 4, 'A', 2015, 1),
(452, 97, '', 4, 'A', 2015, 1),
(453, 98, '', 4, 'A', 2015, 1),
(454, 99, '', 4, 'A', 2015, 1),
(455, 100, '', 4, 'A', 2015, 1),
(456, 101, '', 4, 'A', 2015, 1),
(457, 102, '', 4, 'A', 2015, 1),
(458, 103, '', 4, 'A', 2015, 1),
(459, 104, '', 4, 'A', 2015, 1),
(460, 105, '', 4, 'A', 2015, 1),
(461, 106, '', 4, 'A', 2015, 1),
(462, 107, '', 4, 'A', 2015, 1),
(463, 108, '', 4, 'A', 2015, 1),
(464, 109, '', 4, 'A', 2015, 1),
(465, 110, '', 4, 'A', 2015, 1),
(466, 111, '', 4, 'A', 2015, 1),
(467, 112, '', 4, 'A', 2015, 1),
(468, 113, '', 4, 'A', 2015, 1),
(469, 114, '', 4, 'A', 2015, 1),
(470, 115, '', 4, 'A', 2015, 1),
(471, 116, '', 4, 'A', 2015, 1),
(472, 117, '', 4, 'A', 2015, 1),
(473, 118, '', 4, 'A', 2015, 1),
(474, 119, '', 4, 'A', 2015, 1),
(475, 120, '', 4, 'A', 2015, 1),
(476, 121, '', 4, 'A', 2015, 1),
(477, 122, '', 4, 'A', 2015, 1),
(478, 123, '', 4, 'A', 2015, 1);

-- --------------------------------------------------------

--
-- Table structure for table `subject_master`
--

CREATE TABLE `subject_master` (
  `subject_id` int(11) NOT NULL,
  `subject_name` varchar(25) NOT NULL,
  `semester` int(11) NOT NULL,
  `section` varchar(10) NOT NULL
) ENGINE=InnoDB DEFAULT CHARSET=latin1;

--
-- Dumping data for table `subject_master`
--

INSERT INTO `subject_master` (`subject_id`, `subject_name`, `semester`, `section`) VALUES
(1, 'M 3', 3, 'A'),
(2, 'CS', 3, 'A'),
(3, 'DELD ', 3, 'A'),
(4, 'BE', 3, 'A'),
(5, 'PSLB', 3, 'A'),
(6, 'CCWT', 3, 'A'),
(7, 'DELD LAB', 3, 'A'),
(8, 'BE LAB', 3, 'A'),
(9, 'PSLB LAB', 3, 'A'),
(10, 'CCWT LAB', 3, 'A'),
(11, 'M 3', 3, 'B'),
(12, 'CS', 3, 'B'),
(13, 'DELD ', 3, 'B'),
(14, 'BE', 3, 'B'),
(15, 'PSLB', 3, 'B'),
(16, 'CCWT', 3, 'B'),
(17, 'DELD LAB', 3, 'B'),
(18, 'BE LAB', 3, 'B'),
(19, 'PSLB LAB', 3, 'B'),
(20, 'CCWT LAB', 3, 'B'),
(21, 'CM', 4, 'A'),
(22, 'DMS', 4, 'A'),
(23, 'CSA', 4, 'A'),
(24, 'DS', 4, 'A'),
(25, 'OOPS', 4, 'A'),
(26, 'OS', 4, 'A'),
(27, 'H/W LAB', 4, 'A'),
(28, 'GUI LAB', 4, 'A'),
(29, 'DS LAB', 4, 'A'),
(30, 'OOPS LAB', 4, 'A'),
(31, 'CM', 4, 'B'),
(32, 'DMS', 4, 'B'),
(33, 'CSA', 4, 'B'),
(34, 'DS', 4, 'B'),
(35, 'OOPS', 4, 'B'),
(36, 'OS', 4, 'B'),
(37, 'H/W LAB', 4, 'B'),
(38, 'GUI LAB', 4, 'B'),
(39, 'DS LAB', 4, 'B'),
(40, 'OOPS LAB', 4, 'B'),
(41, 'MP', 5, 'A'),
(42, 'ADA', 5, 'A'),
(43, 'JAVA', 5, 'A'),
(44, 'TOC', 5, 'A'),
(45, 'USP', 5, 'A'),
(46, 'DBMS', 5, 'A'),
(47, 'MP LAB', 5, 'A'),
(48, 'JAVA LAB', 5, 'A'),
(49, 'USP LAB', 5, 'A'),
(50, 'DBMS LAB', 5, 'A'),
(51, 'MP', 5, 'B'),
(52, 'ADA', 5, 'B'),
(53, 'JAVA', 5, 'B'),
(54, 'TOC', 5, 'B'),
(55, 'USP', 5, 'B'),
(56, 'DBMS', 5, 'B'),
(57, 'MP LAB', 5, 'B'),
(58, 'JAVA LAB', 5, 'B'),
(59, 'USP LAB', 5, 'B'),
(60, 'DBMS LAB', 5, 'B'),
(61, 'CN', 6, 'A'),
(62, 'CD', 6, 'A'),
(63, 'ERP', 6, 'A'),
(64, 'SEPM', 6, 'A'),
(65, 'CG', 6, 'A'),
(66, 'PE1', 6, 'A'),
(67, 'CN LAB', 6, 'A'),
(68, 'SEPM LAB', 6, 'A'),
(69, 'CG LAB', 6, 'A'),
(70, 'A. JAVA LAB', 6, 'A'),
(71, 'CN', 6, 'B'),
(72, 'CD', 6, 'B'),
(73, 'ERP', 6, 'B'),
(74, 'SEPM', 6, 'B'),
(75, 'CG', 6, 'B'),
(76, 'PE1', 6, 'B'),
(77, 'CN LAB', 6, 'B'),
(78, 'SEPM LAB', 6, 'B'),
(79, 'CG LAB', 6, 'B'),
(80, 'A. JAVA LAB', 6, 'B'),
(81, 'MCA', 7, 'A'),
(82, 'PPC', 7, 'A'),
(83, 'NP', 7, 'A'),
(84, 'CNS', 7, 'A'),
(85, 'PE2', 7, 'A'),
(86, 'SC LAB', 7, 'A'),
(87, 'NP LAB', 7, 'A'),
(88, 'ANDROID LAB', 7, 'A'),
(89, 'MINOR PROJECT', 7, 'A'),
(90, 'MCA', 7, 'B'),
(91, 'PPC', 7, 'B'),
(92, 'NP', 7, 'B'),
(93, 'CNS', 7, 'B'),
(94, 'PE2', 7, 'B'),
(95, 'SC LAB', 7, 'B'),
(96, 'NP LAB', 7, 'B'),
(97, 'ANDROID LAB', 7, 'B'),
(98, 'MINOR PROJECT', 7, 'B'),
(99, 'AIES', 8, 'A'),
(100, 'DMW', 8, 'A'),
(101, 'CYBER SECURITY', 8, 'A'),
(102, 'PE-3', 8, 'A'),
(103, 'OE4', 8, 'A'),
(104, 'AIES LAB', 8, 'A'),
(105, 'NS LAB', 8, 'A'),
(106, 'ST LAB', 8, 'A'),
(107, 'MAJOR PROJECT', 8, 'A'),
(108, 'AIES', 8, 'B'),
(109, 'DMW', 8, 'B'),
(110, 'CYBER SECURITY', 8, 'B'),
(111, 'PE-3', 8, 'B'),
(112, 'OE4', 8, 'B'),
(113, 'AIES LAB', 8, 'B'),
(114, 'NS LAB', 8, 'B'),
(115, 'ST LAB', 8, 'B'),
(116, 'MAJOR PROJECT', 8, 'B'),
(117, 'VE', 3, 'A'),
(118, 'VE', 3, 'B'),
(119, 'YOGA', 4, 'A'),
(120, 'YOGA', 4, 'B'),
(121, 'PD', 5, 'A'),
(122, 'PD', 5, 'B'),
(123, 'MS', 6, 'A'),
(124, 'MS', 6, 'B'),
(125, 'IES', 7, 'A'),
(126, 'IES', 7, 'B');

-- --------------------------------------------------------

--
-- Table structure for table `teacher_subject_relation`
--

CREATE TABLE `teacher_subject_relation` (
  `tsrelation_id` int(11) NOT NULL,
  `subject_id` int(11) NOT NULL,
  `teacher_id` int(11) NOT NULL
) ENGINE=InnoDB DEFAULT CHARSET=latin1;

--
-- Dumping data for table `teacher_subject_relation`
--

INSERT INTO `teacher_subject_relation` (`tsrelation_id`, `subject_id`, `teacher_id`) VALUES
(80, 21, 2),
(81, 22, 27),
(82, 23, 11),
(83, 24, 6),
(84, 25, 12),
(85, 26, 9),
(86, 27, 4),
(87, 28, 10),
(88, 29, 6),
(89, 30, 12),
(90, 119, 8),
(91, 125, 16),
(92, 31, 3),
(93, 32, 25),
(94, 33, 11),
(95, 34, 6),
(96, 35, 12),
(97, 36, 9),
(98, 37, 4),
(99, 38, 10),
(100, 39, 6),
(101, 40, 12),
(102, 120, 8),
(103, 61, 24),
(104, 62, 22),
(105, 63, 15),
(106, 64, 13),
(107, 65, 7),
(108, 66, 18),
(109, 67, 4),
(110, 68, 13),
(111, 69, 7),
(112, 70, 18),
(113, 123, 28),
(114, 71, 24),
(115, 72, 22),
(116, 73, 15),
(117, 74, 13),
(118, 75, 7),
(119, 76, 18),
(120, 77, 4),
(121, 78, 13),
(122, 79, 7),
(123, 80, 18),
(124, 124, 28),
(125, 99, 19),
(126, 100, 5),
(127, 101, 8),
(128, 102, 14),
(129, 103, 21),
(130, 104, 19),
(131, 105, 20),
(132, 106, 28),
(133, 107, 15),
(134, 108, 19),
(135, 109, 5),
(136, 110, 8),
(137, 111, 14),
(138, 112, 21),
(139, 113, 19),
(140, 114, 20),
(141, 115, 28),
(142, 116, 15),
(143, 41, 8),
(144, 42, 6),
(145, 43, 13),
(146, 44, 14),
(147, 45, 24),
(148, 46, 12),
(149, 47, 8),
(150, 48, 13),
(151, 49, 24),
(152, 50, 12),
(153, 121, 28),
(154, 51, 8),
(155, 52, 6),
(156, 53, 13),
(157, 54, 22),
(158, 55, 24),
(159, 56, 12),
(160, 57, 8),
(161, 58, 13),
(162, 59, 24),
(163, 60, 12),
(164, 122, 28),
(165, 11, 3),
(166, 12, 5),
(167, 13, 11),
(168, 14, 4),
(169, 15, 6),
(170, 16, 28),
(171, 17, 11),
(172, 18, 4),
(173, 19, 10),
(174, 20, 28),
(175, 118, 18),
(176, 1, 2),
(177, 2, 5),
(178, 3, 11),
(179, 4, 4),
(180, 5, 10),
(181, 6, 18),
(182, 7, 11),
(183, 8, 4),
(184, 9, 10),
(185, 10, 18),
(186, 117, 18),
(187, 90, 9),
(188, 91, 21),
(189, 92, 19),
(190, 93, 20),
(191, 94, 16),
(192, 95, 22),
(193, 96, 15),
(194, 97, 18),
(195, 98, 28),
(196, 126, 5),
(197, 81, 9),
(198, 82, 21),
(199, 83, 19),
(200, 84, 20),
(201, 85, 16),
(202, 86, 22),
(203, 87, 19),
(204, 88, 18),
(205, 89, 15),
(206, 125, 16);

-- --------------------------------------------------------

--
-- Table structure for table `user_master`
--

CREATE TABLE `user_master` (
  `user_name` varchar(25) NOT NULL,
  `password` varchar(150) NOT NULL,
  `user_type` varchar(8) NOT NULL DEFAULT 'faculty',
  `user_id` bigint(20) NOT NULL,
  `teacher_name` varchar(30) NOT NULL
) ENGINE=InnoDB DEFAULT CHARSET=latin1;

--
-- Dumping data for table `user_master`
--

INSERT INTO `user_master` (`user_name`, `password`, `user_type`, `user_id`, `teacher_name`) VALUES
('kksinha', 'bit123', 'admin', 1, 'Prof. KAUSHAL KUMAR SINHA'),
('anarayan', '7eaa5e4e9fe2bdd22fffc0b2fa1f7eaf', 'faculty', 2, 'Dr.Ashutosh Narayan'),
('mdpandey', '7eaa5e4e9fe2bdd22fffc0b2fa1f7eaf', 'faculty', 3, 'Dr.M.D.Pandey'),
('sdmishra', '7eaa5e4e9fe2bdd22fffc0b2fa1f7eaf', 'faculty', 4, 'Prof. S.D. Mishra'),
('arawal', '38b2dba3a20c91affd51592145825ce2', 'faculty', 5, 'Dr. Arpana Rawal'),
('ksinha', '5c06faa01f43f28b98b64473331bfdb9', 'faculty', 6, 'Prof. Kaushal Kumar Sinha'),
('marya', '7eaa5e4e9fe2bdd22fffc0b2fa1f7eaf', 'faculty', 7, 'Prof. Monika Arya'),
('ssingh', '7eaa5e4e9fe2bdd22fffc0b2fa1f7eaf', 'faculty', 8, 'Prof. Saurabh Singh'),
('rkumar', '9ea90f3f60557be7e8e1510c088806c1', 'faculty', 9, 'Dr. Ramesh Kumar'),
('ssar', 'a6d3dbd4e56322fec05112a80b5b8b35', 'faculty', 10, 'Prof. Sumit Sar'),
('kprasad', '7eaa5e4e9fe2bdd22fffc0b2fa1f7eaf', 'faculty', 11, 'Prof. Kauleshwar Prasad'),
('dkbhawnani', 'a6d3dbd4e56322fec05112a80b5b8b35', 'faculty', 12, 'Prof. Dinesh Kumar Bhawnani'),
('proy', '7eaa5e4e9fe2bdd22fffc0b2fa1f7eaf', 'faculty', 13, 'Prof. Partha Roy'),
('mvpadmavati', '7eaa5e4e9fe2bdd22fffc0b2fa1f7eaf', 'faculty', 14, 'Dr. M.V. Padmavati'),
('akbehera', '7eaa5e4e9fe2bdd22fffc0b2fa1f7eaf', 'faculty', 15, 'Prof. A.K.Behera'),
('ashekhar', '5c06faa01f43f28b98b64473331bfdb9', 'faculty', 16, 'Dr. Anjana Shekhar'),
('s sarkar', '5c06faa01f43f28b98b64473331bfdb9', 'faculty', 17, 'Prof. Swapana Sarkar'),
('cchoudhary', 'b39a5005f03f16e882a911cd34f86043', 'faculty', 18, 'Prof. Chaitali Choudhary'),
('sde', 'fc9e081ab27ca377305a5c0b9695e93a', 'faculty', 19, 'Prof. Shankha De'),
('dpmishra', '792dd774336314c3c27a04bb260cf2cf', 'faculty', 20, 'Prof. D.P. Mishra'),
('202sudip@gmail.com', '7eaa5e4e9fe2bdd22fffc0b2fa1f7eaf', 'faculty', 21, 'Prof. Sudip Bhattacharya'),
('ppatnaik', '5c06faa01f43f28b98b64473331bfdb9', 'faculty', 22, 'prof. Pawan Patnaik'),
('mvp', '5c06faa01f43f28b98b64473331bfdb9', 'admin', 23, 'Dr. M. V. Padmavati'),
('vivekp', '5c06faa01f43f28b98b64473331bfdb9', 'faculty', 24, 'Prof. Vivek Parghania '),
('tusha', '7eaa5e4e9fe2bdd22fffc0b2fa1f7eaf', 'faculty', 25, 'Prof T. usha'),
('knmishra', 'bitd123', 'faculty', 26, 'Dr. K.N. Mishra'),
('nsingh', 'bitd123', 'faculty', 27, 'Prof. Nirmal Singh'),
('mverma', 'bitd123', 'faculty', 28, 'Prof. Monika Verma');

--
-- Indexes for dumped tables
--

--
-- Indexes for table `month_master`
--
ALTER TABLE `month_master`
  ADD PRIMARY KEY (`month_id`);

--
-- Indexes for table `semester_master`
--
ALTER TABLE `semester_master`
  ADD PRIMARY KEY (`sem_id`);

--
-- Indexes for table `student_master`
--
ALTER TABLE `student_master`
  ADD PRIMARY KEY (`student_id`);

--
-- Indexes for table `subject_master`
--
ALTER TABLE `subject_master`
  ADD PRIMARY KEY (`subject_id`);

--
-- Indexes for table `teacher_subject_relation`
--
ALTER TABLE `teacher_subject_relation`
  ADD PRIMARY KEY (`tsrelation_id`);

--
-- Indexes for table `user_master`
--
ALTER TABLE `user_master`
  ADD PRIMARY KEY (`user_id`),
  ADD UNIQUE KEY `user_name` (`user_name`);

--
-- AUTO_INCREMENT for dumped tables
--

--
-- AUTO_INCREMENT for table `month_master`
--
ALTER TABLE `month_master`
  MODIFY `month_id` int(11) NOT NULL AUTO_INCREMENT, AUTO_INCREMENT=14;
--
-- AUTO_INCREMENT for table `semester_master`
--
ALTER TABLE `semester_master`
  MODIFY `sem_id` int(11) NOT NULL AUTO_INCREMENT, AUTO_INCREMENT=7;
--
-- AUTO_INCREMENT for table `student_master`
--
ALTER TABLE `student_master`
  MODIFY `student_id` int(8) NOT NULL AUTO_INCREMENT, AUTO_INCREMENT=479;
--
-- AUTO_INCREMENT for table `subject_master`
--
ALTER TABLE `subject_master`
  MODIFY `subject_id` int(11) NOT NULL AUTO_INCREMENT, AUTO_INCREMENT=127;
--
-- AUTO_INCREMENT for table `teacher_subject_relation`
--
ALTER TABLE `teacher_subject_relation`
  MODIFY `tsrelation_id` int(11) NOT NULL AUTO_INCREMENT, AUTO_INCREMENT=207;
--
-- AUTO_INCREMENT for table `user_master`
--
ALTER TABLE `user_master`
  MODIFY `user_id` bigint(20) NOT NULL AUTO_INCREMENT, AUTO_INCREMENT=29;
/*!40101 SET CHARACTER_SET_CLIENT=@OLD_CHARACTER_SET_CLIENT */;
/*!40101 SET CHARACTER_SET_RESULTS=@OLD_CHARACTER_SET_RESULTS */;
/*!40101 SET COLLATION_CONNECTION=@OLD_COLLATION_CONNECTION */;
